<?xml version="1.0" encoding="UTF-8"?>
<Entities
 majorVersion="9"
 minorVersion="4"
 universal="password">
    <Things>
        <Thing
         aspect.isEditableExtensionObject="false"
         aspect.isExtension="true"
         aspect.isSystemObject="false"
         description="Component Helper to set up permissions for PTC.ComponentManagement"
         documentationContent=""
         effectiveThingPackage="ConfiguredThing"
         enabled="true"
         homeMashup="PTCDTS.Base.ComponentHelperPermissions_MU"
         identifier=""
         inheritedValueStream=""
         name="PTC.ComponentManagement.ComponentPermissionHelper"
         projectName="PTCDTS.Base.Permissions"
         published="false"
         tags=""
         thingTemplate="PTCDTS.Base.ComponentPermissionHelper_TT"
         valueStream="">
            <avatar></avatar>
            <DesignTimePermissions>
                <Create></Create>
                <Read></Read>
                <Update></Update>
                <Delete></Delete>
                <Metadata></Metadata>
            </DesignTimePermissions>
            <RunTimePermissions></RunTimePermissions>
            <VisibilityPermissions>
                <Visibility></Visibility>
            </VisibilityPermissions>
            <ConfigurationTableDefinitions>
                <ConfigurationTableDefinition
                 category=""
                 dataShapeName="PTC.ComponentManagement.VisibilityPermissions_DS"
                 description=""
                 isHidden="false"
                 isMultiRow="true"
                 name="VisibilityPermissionsTable"
                 ordinal="0"
                 source="REST"></ConfigurationTableDefinition>
                <ConfigurationTableDefinition
                 category=""
                 dataShapeName="PTC.ComponentManagement.RunTimePermissions_DS"
                 description=""
                 isHidden="false"
                 isMultiRow="true"
                 name="RunTimePermissionsTable"
                 ordinal="0"
                 source="REST"></ConfigurationTableDefinition>
            </ConfigurationTableDefinitions>
            <ConfigurationTables>
                <ConfigurationTable
                 dataShapeName=""
                 description=""
                 isMultiRow="false"
                 name="ProjectNameConfiguration"
                 ordinal="0">
                    <DataShape>
                        <FieldDefinitions>
                            <FieldDefinition
                             aspect.isPrimaryKey="true"
                             baseType="STRING"
                             description="Item"
                             name="item"
                             ordinal="1"></FieldDefinition>
                        </FieldDefinitions>
                    </DataShape>
                    <Rows>
                        <Row>
                            <item>
                            <![CDATA[
                            PTC.ComponentManagement
                            ]]>
                            </item>
                        </Row>
                    </Rows>
                </ConfigurationTable>
                <ConfigurationTable
                 dataShapeName=""
                 description=""
                 isMultiRow="true"
                 name="RoleGroupsAndOrganizations"
                 ordinal="0">
                    <DataShape>
                        <FieldDefinitions>
                            <FieldDefinition
                             aspect.isPrimaryKey="true"
                             baseType="STRING"
                             description=""
                             name="displayName"
                             ordinal="1"></FieldDefinition>
                            <FieldDefinition
                             aspect.isPrimaryKey="false"
                             baseType="STRING"
                             description=""
                             name="principal"
                             ordinal="2"></FieldDefinition>
                            <FieldDefinition
                             aspect.isPrimaryKey="false"
                             baseType="STRING"
                             description=""
                             name="principalType"
                             ordinal="3"></FieldDefinition>
                        </FieldDefinitions>
                    </DataShape>
                    <Rows>
                        <Row>
                            <displayName>
                            <![CDATA[
                            allUsersGroup
                            ]]>
                            </displayName>
                            <principal>
                            <![CDATA[
                            PTC.ComponentManagement.Default_UG
                            ]]>
                            </principal>
                            <principalType>
                            <![CDATA[
                            Group
                            ]]>
                            </principalType>
                        </Row>
                        <Row>
                            <displayName>
                            <![CDATA[
                            allUsersOrg
                            ]]>
                            </displayName>
                            <principal>
                            <![CDATA[
                            PTC.ComponentManagement.Default_OR
                            ]]>
                            </principal>
                            <principalType>
                            <![CDATA[
                            Organization
                            ]]>
                            </principalType>
                        </Row>
                        <Row>
                            <displayName>
                            <![CDATA[
                            AdminGroup
                            ]]>
                            </displayName>
                            <principal>
                            <![CDATA[
                            PTC.ComponentManagement.Admin_UG
                            ]]>
                            </principal>
                            <principalType>
                            <![CDATA[
                            Group
                            ]]>
                            </principalType>
                        </Row>
                        <Row>
                            <displayName>
                            <![CDATA[
                            AdminOrg
                            ]]>
                            </displayName>
                            <principal>
                            <![CDATA[
                            PTC.ComponentManagement.Default_OR:PTC.ComponentManagement.Admin_UG
                            ]]>
                            </principal>
                            <principalType>
                            <![CDATA[
                            OrganizationalUnit
                            ]]>
                            </principalType>
                        </Row>
                    </Rows>
                </ConfigurationTable>
                <ConfigurationTable
                 dataShapeName="PTC.ComponentManagement.RunTimePermissions_DS"
                 description=""
                 isMultiRow="true"
                 name="RunTimePermissionsTable"
                 ordinal="0">
                    <DataShape>
                        <FieldDefinitions>
                            <FieldDefinition
                             baseType="BOOLEAN"
                             description=""
                             name="AdminGroup"
                             ordinal="8"></FieldDefinition>
                            <FieldDefinition
                             baseType="BOOLEAN"
                             description=""
                             name="allUsersGroup"
                             ordinal="7"></FieldDefinition>
                            <FieldDefinition
                             baseType="STRING"
                             description=""
                             name="entityName"
                             ordinal="4"></FieldDefinition>
                            <FieldDefinition
                             baseType="STRING"
                             description=""
                             name="entityType"
                             ordinal="3"></FieldDefinition>
                            <FieldDefinition
                             aspect.isPrimaryKey="true"
                             baseType="NUMBER"
                             description=""
                             name="ID"
                             ordinal="1"></FieldDefinition>
                            <FieldDefinition
                             baseType="STRING"
                             description=""
                             name="resource"
                             ordinal="5"></FieldDefinition>
                            <FieldDefinition
                             aspect.defaultValue="Live"
                             baseType="STRING"
                             description=""
                             name="Status"
                             ordinal="2"></FieldDefinition>
                            <FieldDefinition
                             baseType="STRING"
                             description=""
                             name="type"
                             ordinal="6"></FieldDefinition>
                        </FieldDefinitions>
                    </DataShape>
                    <Rows>
                        <Row>
                            <AdminGroup>true</AdminGroup>
                            <ID>0.0</ID>
                            <Status>
                            <![CDATA[
                            Live
                            ]]>
                            </Status>
                            <allUsersGroup>false</allUsersGroup>
                            <entityName>
                            <![CDATA[
                            PTC.ComponentManagement.EntryPoint
                            ]]>
                            </entityName>
                            <entityType>
                            <![CDATA[
                            Thing
                            ]]>
                            </entityType>
                            <resource>
                            <![CDATA[
                            *
                            ]]>
                            </resource>
                            <type>
                            <![CDATA[
                            ServiceInvoke
                            ]]>
                            </type>
                        </Row>
                        <Row>
                            <AdminGroup>true</AdminGroup>
                            <ID>1.0</ID>
                            <Status>
                            <![CDATA[
                            Live
                            ]]>
                            </Status>
                            <allUsersGroup>false</allUsersGroup>
                            <entityName>
                            <![CDATA[
                            PTC.ComponentManagement.EntryPoint_TT
                            ]]>
                            </entityName>
                            <entityType>
                            <![CDATA[
                            ThingTemplate
                            ]]>
                            </entityType>
                            <resource>
                            <![CDATA[
                            *
                            ]]>
                            </resource>
                            <type>
                            <![CDATA[
                            ServiceInvoke
                            ]]>
                            </type>
                        </Row>
                        <Row>
                            <AdminGroup>true</AdminGroup>
                            <ID>2.0</ID>
                            <Status>
                            <![CDATA[
                            Live
                            ]]>
                            </Status>
                            <allUsersGroup>false</allUsersGroup>
                            <entityName>
                            <![CDATA[
                            PTC.ComponentManagement.Management_TS
                            ]]>
                            </entityName>
                            <entityType>
                            <![CDATA[
                            ThingShape
                            ]]>
                            </entityType>
                            <resource>
                            <![CDATA[
                            *
                            ]]>
                            </resource>
                            <type>
                            <![CDATA[
                            ServiceInvoke
                            ]]>
                            </type>
                        </Row>
                        <Row>
                            <AdminGroup>false</AdminGroup>
                            <ID>3.0</ID>
                            <Status>
                            <![CDATA[
                            Live
                            ]]>
                            </Status>
                            <allUsersGroup>false</allUsersGroup>
                            <entityName>
                            <![CDATA[
                            PTC.ComponentManagement.Management_TS
                            ]]>
                            </entityName>
                            <entityType>
                            <![CDATA[
                            ThingShape
                            ]]>
                            </entityType>
                            <resource>
                            <![CDATA[
                            GetUserManagementManager
                            ]]>
                            </resource>
                            <type>
                            <![CDATA[
                            ServiceInvoke
                            ]]>
                            </type>
                        </Row>
                        <Row>
                            <AdminGroup>false</AdminGroup>
                            <ID>4.0</ID>
                            <Status>
                            <![CDATA[
                            Live
                            ]]>
                            </Status>
                            <allUsersGroup>false</allUsersGroup>
                            <entityName>
                            <![CDATA[
                            PTC.ComponentManagement.Management_TS
                            ]]>
                            </entityName>
                            <entityType>
                            <![CDATA[
                            ThingShape
                            ]]>
                            </entityType>
                            <resource>
                            <![CDATA[
                            CreateUIBuildingBlockMainMashup
                            ]]>
                            </resource>
                            <type>
                            <![CDATA[
                            ServiceInvoke
                            ]]>
                            </type>
                        </Row>
                        <Row>
                            <AdminGroup>false</AdminGroup>
                            <ID>5.0</ID>
                            <Status>
                            <![CDATA[
                            Live
                            ]]>
                            </Status>
                            <allUsersGroup>false</allUsersGroup>
                            <entityName>
                            <![CDATA[
                            PTC.ComponentManagement.Management_TS
                            ]]>
                            </entityName>
                            <entityType>
                            <![CDATA[
                            ThingShape
                            ]]>
                            </entityType>
                            <resource>
                            <![CDATA[
                            GetAllMashups
                            ]]>
                            </resource>
                            <type>
                            <![CDATA[
                            ServiceInvoke
                            ]]>
                            </type>
                        </Row>
                        <Row>
                            <AdminGroup>false</AdminGroup>
                            <ID>6.0</ID>
                            <Status>
                            <![CDATA[
                            Live
                            ]]>
                            </Status>
                            <allUsersGroup>false</allUsersGroup>
                            <entityName>
                            <![CDATA[
                            PTC.ComponentManagement.Management_TS
                            ]]>
                            </entityName>
                            <entityType>
                            <![CDATA[
                            ThingShape
                            ]]>
                            </entityType>
                            <resource>
                            <![CDATA[
                            AddStandardComponent
                            ]]>
                            </resource>
                            <type>
                            <![CDATA[
                            ServiceInvoke
                            ]]>
                            </type>
                        </Row>
                        <Row>
                            <AdminGroup>false</AdminGroup>
                            <ID>7.0</ID>
                            <Status>
                            <![CDATA[
                            Live
                            ]]>
                            </Status>
                            <allUsersGroup>false</allUsersGroup>
                            <entityName>
                            <![CDATA[
                            PTC.ComponentManagement.Management_TS
                            ]]>
                            </entityName>
                            <entityType>
                            <![CDATA[
                            ThingShape
                            ]]>
                            </entityType>
                            <resource>
                            <![CDATA[
                            GetComponentDetails
                            ]]>
                            </resource>
                            <type>
                            <![CDATA[
                            ServiceInvoke
                            ]]>
                            </type>
                        </Row>
                        <Row>
                            <AdminGroup>false</AdminGroup>
                            <ID>8.0</ID>
                            <Status>
                            <![CDATA[
                            Live
                            ]]>
                            </Status>
                            <allUsersGroup>false</allUsersGroup>
                            <entityName>
                            <![CDATA[
                            PTC.ComponentManagement.Management_TS
                            ]]>
                            </entityName>
                            <entityType>
                            <![CDATA[
                            ThingShape
                            ]]>
                            </entityType>
                            <resource>
                            <![CDATA[
                            GetMenuItemsForMenu
                            ]]>
                            </resource>
                            <type>
                            <![CDATA[
                            ServiceInvoke
                            ]]>
                            </type>
                        </Row>
                        <Row>
                            <AdminGroup>false</AdminGroup>
                            <ID>9.0</ID>
                            <Status>
                            <![CDATA[
                            Live
                            ]]>
                            </Status>
                            <allUsersGroup>false</allUsersGroup>
                            <entityName>
                            <![CDATA[
                            PTC.ComponentManagement.Management_TS
                            ]]>
                            </entityName>
                            <entityType>
                            <![CDATA[
                            ThingShape
                            ]]>
                            </entityType>
                            <resource>
                            <![CDATA[
                            GetAllManagerConfigIds
                            ]]>
                            </resource>
                            <type>
                            <![CDATA[
                            ServiceInvoke
                            ]]>
                            </type>
                        </Row>
                        <Row>
                            <AdminGroup>false</AdminGroup>
                            <ID>10.0</ID>
                            <Status>
                            <![CDATA[
                            Live
                            ]]>
                            </Status>
                            <allUsersGroup>false</allUsersGroup>
                            <entityName>
                            <![CDATA[
                            PTC.ComponentManagement.Management_TS
                            ]]>
                            </entityName>
                            <entityType>
                            <![CDATA[
                            ThingShape
                            ]]>
                            </entityType>
                            <resource>
                            <![CDATA[
                            DeleteComponent
                            ]]>
                            </resource>
                            <type>
                            <![CDATA[
                            ServiceInvoke
                            ]]>
                            </type>
                        </Row>
                        <Row>
                            <AdminGroup>false</AdminGroup>
                            <ID>11.0</ID>
                            <Status>
                            <![CDATA[
                            Live
                            ]]>
                            </Status>
                            <allUsersGroup>false</allUsersGroup>
                            <entityName>
                            <![CDATA[
                            PTC.ComponentManagement.Management_TS
                            ]]>
                            </entityName>
                            <entityType>
                            <![CDATA[
                            ThingShape
                            ]]>
                            </entityType>
                            <resource>
                            <![CDATA[
                            GetAllMashupConfigIds
                            ]]>
                            </resource>
                            <type>
                            <![CDATA[
                            ServiceInvoke
                            ]]>
                            </type>
                        </Row>
                        <Row>
                            <AdminGroup>false</AdminGroup>
                            <ID>12.0</ID>
                            <Status>
                            <![CDATA[
                            Live
                            ]]>
                            </Status>
                            <allUsersGroup>false</allUsersGroup>
                            <entityName>
                            <![CDATA[
                            PTC.ComponentManagement.Management_TS
                            ]]>
                            </entityName>
                            <entityType>
                            <![CDATA[
                            ThingShape
                            ]]>
                            </entityType>
                            <resource>
                            <![CDATA[
                            AddComponentSubMenuItemConfiguration
                            ]]>
                            </resource>
                            <type>
                            <![CDATA[
                            ServiceInvoke
                            ]]>
                            </type>
                        </Row>
                        <Row>
                            <AdminGroup>false</AdminGroup>
                            <ID>13.0</ID>
                            <Status>
                            <![CDATA[
                            Live
                            ]]>
                            </Status>
                            <allUsersGroup>false</allUsersGroup>
                            <entityName>
                            <![CDATA[
                            PTC.ComponentManagement.Management_TS
                            ]]>
                            </entityName>
                            <entityType>
                            <![CDATA[
                            ThingShape
                            ]]>
                            </entityType>
                            <resource>
                            <![CDATA[
                            GetBuildingBlockTypes
                            ]]>
                            </resource>
                            <type>
                            <![CDATA[
                            ServiceInvoke
                            ]]>
                            </type>
                        </Row>
                        <Row>
                            <AdminGroup>false</AdminGroup>
                            <ID>14.0</ID>
                            <Status>
                            <![CDATA[
                            Live
                            ]]>
                            </Status>
                            <allUsersGroup>false</allUsersGroup>
                            <entityName>
                            <![CDATA[
                            PTC.ComponentManagement.Management_TS
                            ]]>
                            </entityName>
                            <entityType>
                            <![CDATA[
                            ThingShape
                            ]]>
                            </entityType>
                            <resource>
                            <![CDATA[
                            AddNewMainMashupToMasterNavigationMenu
                            ]]>
                            </resource>
                            <type>
                            <![CDATA[
                            ServiceInvoke
                            ]]>
                            </type>
                        </Row>
                        <Row>
                            <AdminGroup>false</AdminGroup>
                            <ID>15.0</ID>
                            <Status>
                            <![CDATA[
                            Live
                            ]]>
                            </Status>
                            <allUsersGroup>false</allUsersGroup>
                            <entityName>
                            <![CDATA[
                            PTC.ComponentManagement.Management_TS
                            ]]>
                            </entityName>
                            <entityType>
                            <![CDATA[
                            ThingShape
                            ]]>
                            </entityType>
                            <resource>
                            <![CDATA[
                            AddNewComponentLocalizationToken
                            ]]>
                            </resource>
                            <type>
                            <![CDATA[
                            ServiceInvoke
                            ]]>
                            </type>
                        </Row>
                        <Row>
                            <AdminGroup>false</AdminGroup>
                            <ID>16.0</ID>
                            <Status>
                            <![CDATA[
                            Live
                            ]]>
                            </Status>
                            <allUsersGroup>false</allUsersGroup>
                            <entityName>
                            <![CDATA[
                            PTC.ComponentManagement.Management_TS
                            ]]>
                            </entityName>
                            <entityType>
                            <![CDATA[
                            ThingShape
                            ]]>
                            </entityType>
                            <resource>
                            <![CDATA[
                            AddNewComponentPermission
                            ]]>
                            </resource>
                            <type>
                            <![CDATA[
                            ServiceInvoke
                            ]]>
                            </type>
                        </Row>
                        <Row>
                            <AdminGroup>false</AdminGroup>
                            <ID>17.0</ID>
                            <Status>
                            <![CDATA[
                            Live
                            ]]>
                            </Status>
                            <allUsersGroup>false</allUsersGroup>
                            <entityName>
                            <![CDATA[
                            PTC.ComponentManagement.Management_TS
                            ]]>
                            </entityName>
                            <entityType>
                            <![CDATA[
                            ThingShape
                            ]]>
                            </entityType>
                            <resource>
                            <![CDATA[
                            EditMenuItemConfiguration
                            ]]>
                            </resource>
                            <type>
                            <![CDATA[
                            ServiceInvoke
                            ]]>
                            </type>
                        </Row>
                        <Row>
                            <AdminGroup>false</AdminGroup>
                            <ID>18.0</ID>
                            <Status>
                            <![CDATA[
                            Live
                            ]]>
                            </Status>
                            <allUsersGroup>false</allUsersGroup>
                            <entityName>
                            <![CDATA[
                            PTC.ComponentManagement.Management_TS
                            ]]>
                            </entityName>
                            <entityType>
                            <![CDATA[
                            ThingShape
                            ]]>
                            </entityType>
                            <resource>
                            <![CDATA[
                            AddNewComponent
                            ]]>
                            </resource>
                            <type>
                            <![CDATA[
                            ServiceInvoke
                            ]]>
                            </type>
                        </Row>
                        <Row>
                            <AdminGroup>false</AdminGroup>
                            <ID>19.0</ID>
                            <Status>
                            <![CDATA[
                            Live
                            ]]>
                            </Status>
                            <allUsersGroup>false</allUsersGroup>
                            <entityName>
                            <![CDATA[
                            PTC.ComponentManagement.Management_TS
                            ]]>
                            </entityName>
                            <entityType>
                            <![CDATA[
                            ThingShape
                            ]]>
                            </entityType>
                            <resource>
                            <![CDATA[
                            SaveMashupConfiguration
                            ]]>
                            </resource>
                            <type>
                            <![CDATA[
                            ServiceInvoke
                            ]]>
                            </type>
                        </Row>
                        <Row>
                            <AdminGroup>false</AdminGroup>
                            <ID>20.0</ID>
                            <Status>
                            <![CDATA[
                            Live
                            ]]>
                            </Status>
                            <allUsersGroup>false</allUsersGroup>
                            <entityName>
                            <![CDATA[
                            PTC.ComponentManagement.Management_TS
                            ]]>
                            </entityName>
                            <entityType>
                            <![CDATA[
                            ThingShape
                            ]]>
                            </entityType>
                            <resource>
                            <![CDATA[
                            GetComponentMenuConfigs
                            ]]>
                            </resource>
                            <type>
                            <![CDATA[
                            ServiceInvoke
                            ]]>
                            </type>
                        </Row>
                        <Row>
                            <AdminGroup>false</AdminGroup>
                            <ID>21.0</ID>
                            <Status>
                            <![CDATA[
                            Live
                            ]]>
                            </Status>
                            <allUsersGroup>false</allUsersGroup>
                            <entityName>
                            <![CDATA[
                            PTC.ComponentManagement.Management_TS
                            ]]>
                            </entityName>
                            <entityType>
                            <![CDATA[
                            ThingShape
                            ]]>
                            </entityType>
                            <resource>
                            <![CDATA[
                            GetAllManagerThings
                            ]]>
                            </resource>
                            <type>
                            <![CDATA[
                            ServiceInvoke
                            ]]>
                            </type>
                        </Row>
                        <Row>
                            <AdminGroup>false</AdminGroup>
                            <ID>22.0</ID>
                            <Status>
                            <![CDATA[
                            Live
                            ]]>
                            </Status>
                            <allUsersGroup>false</allUsersGroup>
                            <entityName>
                            <![CDATA[
                            PTC.ComponentManagement.Management_TS
                            ]]>
                            </entityName>
                            <entityType>
                            <![CDATA[
                            ThingShape
                            ]]>
                            </entityType>
                            <resource>
                            <![CDATA[
                            AddUIComponent
                            ]]>
                            </resource>
                            <type>
                            <![CDATA[
                            ServiceInvoke
                            ]]>
                            </type>
                        </Row>
                        <Row>
                            <AdminGroup>false</AdminGroup>
                            <ID>23.0</ID>
                            <Status>
                            <![CDATA[
                            Live
                            ]]>
                            </Status>
                            <allUsersGroup>false</allUsersGroup>
                            <entityName>
                            <![CDATA[
                            PTC.ComponentManagement.Management_TS
                            ]]>
                            </entityName>
                            <entityType>
                            <![CDATA[
                            ThingShape
                            ]]>
                            </entityType>
                            <resource>
                            <![CDATA[
                            GetComponentList
                            ]]>
                            </resource>
                            <type>
                            <![CDATA[
                            ServiceInvoke
                            ]]>
                            </type>
                        </Row>
                        <Row>
                            <AdminGroup>false</AdminGroup>
                            <ID>24.0</ID>
                            <Status>
                            <![CDATA[
                            Live
                            ]]>
                            </Status>
                            <allUsersGroup>false</allUsersGroup>
                            <entityName>
                            <![CDATA[
                            PTC.ComponentManagement.Management_TS
                            ]]>
                            </entityName>
                            <entityType>
                            <![CDATA[
                            ThingShape
                            ]]>
                            </entityType>
                            <resource>
                            <![CDATA[
                            AddAbstractComponent
                            ]]>
                            </resource>
                            <type>
                            <![CDATA[
                            ServiceInvoke
                            ]]>
                            </type>
                        </Row>
                        <Row>
                            <AdminGroup>false</AdminGroup>
                            <ID>25.0</ID>
                            <Status>
                            <![CDATA[
                            Live
                            ]]>
                            </Status>
                            <allUsersGroup>false</allUsersGroup>
                            <entityName>
                            <![CDATA[
                            PTC.ComponentManagement.Management_TS
                            ]]>
                            </entityName>
                            <entityType>
                            <![CDATA[
                            ThingShape
                            ]]>
                            </entityType>
                            <resource>
                            <![CDATA[
                            AddComponentMenuConfiguration
                            ]]>
                            </resource>
                            <type>
                            <![CDATA[
                            ServiceInvoke
                            ]]>
                            </type>
                        </Row>
                        <Row>
                            <AdminGroup>false</AdminGroup>
                            <ID>26.0</ID>
                            <Status>
                            <![CDATA[
                            Live
                            ]]>
                            </Status>
                            <allUsersGroup>false</allUsersGroup>
                            <entityName>
                            <![CDATA[
                            PTC.ComponentManagement.Management_TS
                            ]]>
                            </entityName>
                            <entityType>
                            <![CDATA[
                            ThingShape
                            ]]>
                            </entityType>
                            <resource>
                            <![CDATA[
                            UpdateComponentMetadata
                            ]]>
                            </resource>
                            <type>
                            <![CDATA[
                            ServiceInvoke
                            ]]>
                            </type>
                        </Row>
                        <Row>
                            <AdminGroup>false</AdminGroup>
                            <ID>27.0</ID>
                            <Status>
                            <![CDATA[
                            Live
                            ]]>
                            </Status>
                            <allUsersGroup>false</allUsersGroup>
                            <entityName>
                            <![CDATA[
                            PTC.ComponentManagement.Management_TS
                            ]]>
                            </entityName>
                            <entityType>
                            <![CDATA[
                            ThingShape
                            ]]>
                            </entityType>
                            <resource>
                            <![CDATA[
                            GetBaseManager
                            ]]>
                            </resource>
                            <type>
                            <![CDATA[
                            ServiceInvoke
                            ]]>
                            </type>
                        </Row>
                        <Row>
                            <AdminGroup>false</AdminGroup>
                            <ID>28.0</ID>
                            <Status>
                            <![CDATA[
                            Live
                            ]]>
                            </Status>
                            <allUsersGroup>false</allUsersGroup>
                            <entityName>
                            <![CDATA[
                            PTC.ComponentManagement.Management_TS
                            ]]>
                            </entityName>
                            <entityType>
                            <![CDATA[
                            ThingShape
                            ]]>
                            </entityType>
                            <resource>
                            <![CDATA[
                            GetComponentEntities
                            ]]>
                            </resource>
                            <type>
                            <![CDATA[
                            ServiceInvoke
                            ]]>
                            </type>
                        </Row>
                        <Row>
                            <AdminGroup>false</AdminGroup>
                            <ID>29.0</ID>
                            <Status>
                            <![CDATA[
                            Live
                            ]]>
                            </Status>
                            <allUsersGroup>false</allUsersGroup>
                            <entityName>
                            <![CDATA[
                            PTC.ComponentManagement.Management_TS
                            ]]>
                            </entityName>
                            <entityType>
                            <![CDATA[
                            ThingShape
                            ]]>
                            </entityType>
                            <resource>
                            <![CDATA[
                            GetComponentManagementConfigs
                            ]]>
                            </resource>
                            <type>
                            <![CDATA[
                            ServiceInvoke
                            ]]>
                            </type>
                        </Row>
                        <Row>
                            <AdminGroup>false</AdminGroup>
                            <ID>30.0</ID>
                            <Status>
                            <![CDATA[
                            Live
                            ]]>
                            </Status>
                            <allUsersGroup>false</allUsersGroup>
                            <entityName>
                            <![CDATA[
                            PTC.ComponentManagement.Management_TS
                            ]]>
                            </entityName>
                            <entityType>
                            <![CDATA[
                            ThingShape
                            ]]>
                            </entityType>
                            <resource>
                            <![CDATA[
                            DeleteManagerConfiguration
                            ]]>
                            </resource>
                            <type>
                            <![CDATA[
                            ServiceInvoke
                            ]]>
                            </type>
                        </Row>
                        <Row>
                            <AdminGroup>false</AdminGroup>
                            <ID>31.0</ID>
                            <Status>
                            <![CDATA[
                            Live
                            ]]>
                            </Status>
                            <allUsersGroup>false</allUsersGroup>
                            <entityName>
                            <![CDATA[
                            PTC.ComponentManagement.Management_TS
                            ]]>
                            </entityName>
                            <entityType>
                            <![CDATA[
                            ThingShape
                            ]]>
                            </entityType>
                            <resource>
                            <![CDATA[
                            CopyConfigTableValues
                            ]]>
                            </resource>
                            <type>
                            <![CDATA[
                            ServiceInvoke
                            ]]>
                            </type>
                        </Row>
                        <Row>
                            <AdminGroup>false</AdminGroup>
                            <ID>32.0</ID>
                            <Status>
                            <![CDATA[
                            Live
                            ]]>
                            </Status>
                            <allUsersGroup>false</allUsersGroup>
                            <entityName>
                            <![CDATA[
                            PTC.ComponentManagement.Management_TS
                            ]]>
                            </entityName>
                            <entityType>
                            <![CDATA[
                            ThingShape
                            ]]>
                            </entityType>
                            <resource>
                            <![CDATA[
                            GetComponentMashupConfigs
                            ]]>
                            </resource>
                            <type>
                            <![CDATA[
                            ServiceInvoke
                            ]]>
                            </type>
                        </Row>
                        <Row>
                            <AdminGroup>false</AdminGroup>
                            <ID>33.0</ID>
                            <Status>
                            <![CDATA[
                            Live
                            ]]>
                            </Status>
                            <allUsersGroup>false</allUsersGroup>
                            <entityName>
                            <![CDATA[
                            PTC.ComponentManagement.Management_TS
                            ]]>
                            </entityName>
                            <entityType>
                            <![CDATA[
                            ThingShape
                            ]]>
                            </entityType>
                            <resource>
                            <![CDATA[
                            DeleteMenuItemConfig
                            ]]>
                            </resource>
                            <type>
                            <![CDATA[
                            ServiceInvoke
                            ]]>
                            </type>
                        </Row>
                        <Row>
                            <AdminGroup>false</AdminGroup>
                            <ID>34.0</ID>
                            <Status>
                            <![CDATA[
                            Live
                            ]]>
                            </Status>
                            <allUsersGroup>false</allUsersGroup>
                            <entityName>
                            <![CDATA[
                            PTC.ComponentManagement.Management_TS
                            ]]>
                            </entityName>
                            <entityType>
                            <![CDATA[
                            ThingShape
                            ]]>
                            </entityType>
                            <resource>
                            <![CDATA[
                            GetComponentPermissionsHelper
                            ]]>
                            </resource>
                            <type>
                            <![CDATA[
                            ServiceInvoke
                            ]]>
                            </type>
                        </Row>
                        <Row>
                            <AdminGroup>false</AdminGroup>
                            <ID>35.0</ID>
                            <Status>
                            <![CDATA[
                            Live
                            ]]>
                            </Status>
                            <allUsersGroup>false</allUsersGroup>
                            <entityName>
                            <![CDATA[
                            PTC.ComponentManagement.Management_TS
                            ]]>
                            </entityName>
                            <entityType>
                            <![CDATA[
                            ThingShape
                            ]]>
                            </entityType>
                            <resource>
                            <![CDATA[
                            DeleteMashupConfiguration
                            ]]>
                            </resource>
                            <type>
                            <![CDATA[
                            ServiceInvoke
                            ]]>
                            </type>
                        </Row>
                        <Row>
                            <AdminGroup>false</AdminGroup>
                            <ID>36.0</ID>
                            <Status>
                            <![CDATA[
                            Live
                            ]]>
                            </Status>
                            <allUsersGroup>false</allUsersGroup>
                            <entityName>
                            <![CDATA[
                            PTC.ComponentManagement.Management_TS
                            ]]>
                            </entityName>
                            <entityType>
                            <![CDATA[
                            ThingShape
                            ]]>
                            </entityType>
                            <resource>
                            <![CDATA[
                            GetComponentLocalizationTokens
                            ]]>
                            </resource>
                            <type>
                            <![CDATA[
                            ServiceInvoke
                            ]]>
                            </type>
                        </Row>
                        <Row>
                            <AdminGroup>false</AdminGroup>
                            <ID>37.0</ID>
                            <Status>
                            <![CDATA[
                            Live
                            ]]>
                            </Status>
                            <allUsersGroup>false</allUsersGroup>
                            <entityName>
                            <![CDATA[
                            PTC.ComponentManagement.Management_TS
                            ]]>
                            </entityName>
                            <entityType>
                            <![CDATA[
                            ThingShape
                            ]]>
                            </entityType>
                            <resource>
                            <![CDATA[
                            AddImplementationComponent
                            ]]>
                            </resource>
                            <type>
                            <![CDATA[
                            ServiceInvoke
                            ]]>
                            </type>
                        </Row>
                        <Row>
                            <AdminGroup>false</AdminGroup>
                            <ID>38.0</ID>
                            <Status>
                            <![CDATA[
                            Live
                            ]]>
                            </Status>
                            <allUsersGroup>false</allUsersGroup>
                            <entityName>
                            <![CDATA[
                            PTC.ComponentManagement.Management_TS
                            ]]>
                            </entityName>
                            <entityType>
                            <![CDATA[
                            ThingShape
                            ]]>
                            </entityType>
                            <resource>
                            <![CDATA[
                            SaveManagerConfiguration
                            ]]>
                            </resource>
                            <type>
                            <![CDATA[
                            ServiceInvoke
                            ]]>
                            </type>
                        </Row>
                        <Row>
                            <AdminGroup>false</AdminGroup>
                            <ID>39.0</ID>
                            <Status>
                            <![CDATA[
                            Live
                            ]]>
                            </Status>
                            <allUsersGroup>false</allUsersGroup>
                            <entityName>
                            <![CDATA[
                            PTC.ComponentManagement.Management_TS
                            ]]>
                            </entityName>
                            <entityType>
                            <![CDATA[
                            ThingShape
                            ]]>
                            </entityType>
                            <resource>
                            <![CDATA[
                            GetMenus
                            ]]>
                            </resource>
                            <type>
                            <![CDATA[
                            ServiceInvoke
                            ]]>
                            </type>
                        </Row>
                        <Row>
                            <AdminGroup>true</AdminGroup>
                            <ID>40.0</ID>
                            <Status>
                            <![CDATA[
                            Live
                            ]]>
                            </Status>
                            <allUsersGroup>false</allUsersGroup>
                            <entityName>
                            <![CDATA[
                            PTC.ComponentManagement.Manager
                            ]]>
                            </entityName>
                            <entityType>
                            <![CDATA[
                            Thing
                            ]]>
                            </entityType>
                            <resource>
                            <![CDATA[
                            *
                            ]]>
                            </resource>
                            <type>
                            <![CDATA[
                            ServiceInvoke
                            ]]>
                            </type>
                        </Row>
                        <Row>
                            <AdminGroup>true</AdminGroup>
                            <ID>41.0</ID>
                            <Status>
                            <![CDATA[
                            Live
                            ]]>
                            </Status>
                            <allUsersGroup>false</allUsersGroup>
                            <entityName>
                            <![CDATA[
                            PTC.ComponentManagement.Manager_TT
                            ]]>
                            </entityName>
                            <entityType>
                            <![CDATA[
                            ThingTemplate
                            ]]>
                            </entityType>
                            <resource>
                            <![CDATA[
                            *
                            ]]>
                            </resource>
                            <type>
                            <![CDATA[
                            ServiceInvoke
                            ]]>
                            </type>
                        </Row>
                    </Rows>
                </ConfigurationTable>
                <ConfigurationTable
                 dataShapeName="PTC.ComponentManagement.VisibilityPermissions_DS"
                 description=""
                 isMultiRow="true"
                 name="VisibilityPermissionsTable"
                 ordinal="0">
                    <DataShape>
                        <FieldDefinitions>
                            <FieldDefinition
                             baseType="BOOLEAN"
                             description=""
                             name="AdminOrg"
                             ordinal="5"></FieldDefinition>
                            <FieldDefinition
                             baseType="BOOLEAN"
                             description=""
                             name="allUsersOrg"
                             ordinal="4"></FieldDefinition>
                            <FieldDefinition
                             aspect.isPrimaryKey="true"
                             baseType="STRING"
                             description=""
                             name="entityName"
                             ordinal="3"></FieldDefinition>
                            <FieldDefinition
                             baseType="STRING"
                             description=""
                             name="entityType"
                             ordinal="2"></FieldDefinition>
                            <FieldDefinition
                             aspect.defaultValue="Live"
                             baseType="STRING"
                             description=""
                             name="Status"
                             ordinal="1"></FieldDefinition>
                        </FieldDefinitions>
                    </DataShape>
                    <Rows>
                        <Row>
                            <AdminOrg>true</AdminOrg>
                            <Status>
                            <![CDATA[
                            Live
                            ]]>
                            </Status>
                            <allUsersOrg>false</allUsersOrg>
                            <entityName>
                            <![CDATA[
                            PTC.ComponentManagement
                            ]]>
                            </entityName>
                            <entityType>
                            <![CDATA[
                            Project
                            ]]>
                            </entityType>
                        </Row>
                        <Row>
                            <AdminOrg>true</AdminOrg>
                            <Status>
                            <![CDATA[
                            Live
                            ]]>
                            </Status>
                            <allUsersOrg>false</allUsersOrg>
                            <entityName>
                            <![CDATA[
                            PTC.ComponentManagement.ComponentDetails
                            ]]>
                            </entityName>
                            <entityType>
                            <![CDATA[
                            DataShape
                            ]]>
                            </entityType>
                        </Row>
                        <Row>
                            <AdminOrg>true</AdminOrg>
                            <Status>
                            <![CDATA[
                            Live
                            ]]>
                            </Status>
                            <allUsersOrg>false</allUsersOrg>
                            <entityName>
                            <![CDATA[
                            PTC.ComponentManagement.ComponentList
                            ]]>
                            </entityName>
                            <entityType>
                            <![CDATA[
                            DataShape
                            ]]>
                            </entityType>
                        </Row>
                        <Row>
                            <AdminOrg>true</AdminOrg>
                            <Status>
                            <![CDATA[
                            Live
                            ]]>
                            </Status>
                            <allUsersOrg>false</allUsersOrg>
                            <entityName>
                            <![CDATA[
                            PTC.ComponentManagement.ComponentLocalizationTokens
                            ]]>
                            </entityName>
                            <entityType>
                            <![CDATA[
                            DataShape
                            ]]>
                            </entityType>
                        </Row>
                        <Row>
                            <AdminOrg>true</AdminOrg>
                            <Status>
                            <![CDATA[
                            Live
                            ]]>
                            </Status>
                            <allUsersOrg>false</allUsersOrg>
                            <entityName>
                            <![CDATA[
                            PTC.ComponentManagement.Default_OR
                            ]]>
                            </entityName>
                            <entityType>
                            <![CDATA[
                            Organization
                            ]]>
                            </entityType>
                        </Row>
                        <Row>
                            <AdminOrg>true</AdminOrg>
                            <Status>
                            <![CDATA[
                            Live
                            ]]>
                            </Status>
                            <allUsersOrg>false</allUsersOrg>
                            <entityName>
                            <![CDATA[
                            PTC.ComponentManagement.Default_UG
                            ]]>
                            </entityName>
                            <entityType>
                            <![CDATA[
                            Group
                            ]]>
                            </entityType>
                        </Row>
                        <Row>
                            <AdminOrg>true</AdminOrg>
                            <Status>
                            <![CDATA[
                            Live
                            ]]>
                            </Status>
                            <allUsersOrg>false</allUsersOrg>
                            <entityName>
                            <![CDATA[
                            PTC.ComponentManagement.EntityList
                            ]]>
                            </entityName>
                            <entityType>
                            <![CDATA[
                            DataShape
                            ]]>
                            </entityType>
                        </Row>
                        <Row>
                            <AdminOrg>true</AdminOrg>
                            <Status>
                            <![CDATA[
                            Live
                            ]]>
                            </Status>
                            <allUsersOrg>false</allUsersOrg>
                            <entityName>
                            <![CDATA[
                            PTC.ComponentManagement.EntryPoint
                            ]]>
                            </entityName>
                            <entityType>
                            <![CDATA[
                            Thing
                            ]]>
                            </entityType>
                        </Row>
                        <Row>
                            <AdminOrg>true</AdminOrg>
                            <Status>
                            <![CDATA[
                            Live
                            ]]>
                            </Status>
                            <allUsersOrg>false</allUsersOrg>
                            <entityName>
                            <![CDATA[
                            PTC.ComponentManagement.EntryPoint_TT
                            ]]>
                            </entityName>
                            <entityType>
                            <![CDATA[
                            ThingTemplate
                            ]]>
                            </entityType>
                        </Row>
                        <Row>
                            <AdminOrg>true</AdminOrg>
                            <Status>
                            <![CDATA[
                            Live
                            ]]>
                            </Status>
                            <allUsersOrg>false</allUsersOrg>
                            <entityName>
                            <![CDATA[
                            PTC.ComponentManagement.Management_TS
                            ]]>
                            </entityName>
                            <entityType>
                            <![CDATA[
                            ThingShape
                            ]]>
                            </entityType>
                        </Row>
                        <Row>
                            <AdminOrg>true</AdminOrg>
                            <Status>
                            <![CDATA[
                            Live
                            ]]>
                            </Status>
                            <allUsersOrg>false</allUsersOrg>
                            <entityName>
                            <![CDATA[
                            PTC.ComponentManagement.Manager
                            ]]>
                            </entityName>
                            <entityType>
                            <![CDATA[
                            Thing
                            ]]>
                            </entityType>
                        </Row>
                        <Row>
                            <AdminOrg>true</AdminOrg>
                            <Status>
                            <![CDATA[
                            Live
                            ]]>
                            </Status>
                            <allUsersOrg>false</allUsersOrg>
                            <entityName>
                            <![CDATA[
                            PTC.ComponentManagement.Manager_TT
                            ]]>
                            </entityName>
                            <entityType>
                            <![CDATA[
                            ThingTemplate
                            ]]>
                            </entityType>
                        </Row>
                        <Row>
                            <AdminOrg>true</AdminOrg>
                            <Status>
                            <![CDATA[
                            Live
                            ]]>
                            </Status>
                            <allUsersOrg>false</allUsersOrg>
                            <entityName>
                            <![CDATA[
                            PTC.ComponentManagement.ManagerConfiguration
                            ]]>
                            </entityName>
                            <entityType>
                            <![CDATA[
                            DataShape
                            ]]>
                            </entityType>
                        </Row>
                        <Row>
                            <AdminOrg>true</AdminOrg>
                            <Status>
                            <![CDATA[
                            Live
                            ]]>
                            </Status>
                            <allUsersOrg>false</allUsersOrg>
                            <entityName>
                            <![CDATA[
                            PTC.ComponentManagement.ManagerIdList
                            ]]>
                            </entityName>
                            <entityType>
                            <![CDATA[
                            DataShape
                            ]]>
                            </entityType>
                        </Row>
                        <Row>
                            <AdminOrg>true</AdminOrg>
                            <Status>
                            <![CDATA[
                            Live
                            ]]>
                            </Status>
                            <allUsersOrg>false</allUsersOrg>
                            <entityName>
                            <![CDATA[
                            PTC.ComponentManagement.ManagerList
                            ]]>
                            </entityName>
                            <entityType>
                            <![CDATA[
                            DataShape
                            ]]>
                            </entityType>
                        </Row>
                        <Row>
                            <AdminOrg>true</AdminOrg>
                            <Status>
                            <![CDATA[
                            Live
                            ]]>
                            </Status>
                            <allUsersOrg>false</allUsersOrg>
                            <entityName>
                            <![CDATA[
                            PTC.ComponentManagement.MashupConfiguration
                            ]]>
                            </entityName>
                            <entityType>
                            <![CDATA[
                            DataShape
                            ]]>
                            </entityType>
                        </Row>
                        <Row>
                            <AdminOrg>true</AdminOrg>
                            <Status>
                            <![CDATA[
                            Live
                            ]]>
                            </Status>
                            <allUsersOrg>false</allUsersOrg>
                            <entityName>
                            <![CDATA[
                            PTC.ComponentManagement.MashupIdList
                            ]]>
                            </entityName>
                            <entityType>
                            <![CDATA[
                            DataShape
                            ]]>
                            </entityType>
                        </Row>
                        <Row>
                            <AdminOrg>true</AdminOrg>
                            <Status>
                            <![CDATA[
                            Live
                            ]]>
                            </Status>
                            <allUsersOrg>false</allUsersOrg>
                            <entityName>
                            <![CDATA[
                            PTC.ComponentManagement.MashupList
                            ]]>
                            </entityName>
                            <entityType>
                            <![CDATA[
                            DataShape
                            ]]>
                            </entityType>
                        </Row>
                        <Row>
                            <AdminOrg>true</AdminOrg>
                            <Status>
                            <![CDATA[
                            Live
                            ]]>
                            </Status>
                            <allUsersOrg>false</allUsersOrg>
                            <entityName>
                            <![CDATA[
                            PTC.ComponentManagement.MenuConfiguration
                            ]]>
                            </entityName>
                            <entityType>
                            <![CDATA[
                            DataShape
                            ]]>
                            </entityType>
                        </Row>
                        <Row>
                            <AdminOrg>true</AdminOrg>
                            <Status>
                            <![CDATA[
                            Live
                            ]]>
                            </Status>
                            <allUsersOrg>false</allUsersOrg>
                            <entityName>
                            <![CDATA[
                            PTC.ComponentManagement.MenuItems
                            ]]>
                            </entityName>
                            <entityType>
                            <![CDATA[
                            DataShape
                            ]]>
                            </entityType>
                        </Row>
                        <Row>
                            <AdminOrg>true</AdminOrg>
                            <Status>
                            <![CDATA[
                            Live
                            ]]>
                            </Status>
                            <allUsersOrg>false</allUsersOrg>
                            <entityName>
                            <![CDATA[
                            PTC.ComponentManagement.Menus
                            ]]>
                            </entityName>
                            <entityType>
                            <![CDATA[
                            DataShape
                            ]]>
                            </entityType>
                        </Row>
                        <Row>
                            <AdminOrg>true</AdminOrg>
                            <Status>
                            <![CDATA[
                            Live
                            ]]>
                            </Status>
                            <allUsersOrg>false</allUsersOrg>
                            <entityName>
                            <![CDATA[
                            PTC.ComponentManagement.Types
                            ]]>
                            </entityName>
                            <entityType>
                            <![CDATA[
                            DataShape
                            ]]>
                            </entityType>
                        </Row>
                    </Rows>
                </ConfigurationTable>
            </ConfigurationTables>
            <ThingShape>
                <PropertyDefinitions></PropertyDefinitions>
                <ServiceDefinitions></ServiceDefinitions>
                <EventDefinitions></EventDefinitions>
                <ServiceMappings></ServiceMappings>
                <ServiceImplementations></ServiceImplementations>
                <Subscriptions></Subscriptions>
            </ThingShape>
            <PropertyBindings></PropertyBindings>
            <RemotePropertyBindings></RemotePropertyBindings>
            <RemoteServiceBindings></RemoteServiceBindings>
            <RemoteEventBindings></RemoteEventBindings>
            <AlertConfigurations></AlertConfigurations>
            <ImplementedShapes></ImplementedShapes>
            <ThingProperties>
                <rolesConfirmed>
                    <Value>true</Value>
                    <Timestamp>2023-11-29T21:58:55.976Z</Timestamp>
                    <Quality>GOOD</Quality>
                </rolesConfirmed>
                <visibilityPermissionsSet>
                    <Value>true</Value>
                    <Timestamp>2023-11-29T21:58:55.976Z</Timestamp>
                    <Quality>GOOD</Quality>
                </visibilityPermissionsSet>
                <draftRuntimeLabel>
                    <Value>false</Value>
                    <Timestamp>2023-11-29T21:58:55.976Z</Timestamp>
                    <Quality>GOOD</Quality>
                </draftRuntimeLabel>
                <draftVisibilityLabel>
                    <Value>false</Value>
                    <Timestamp>2023-11-29T21:58:55.976Z</Timestamp>
                    <Quality>GOOD</Quality>
                </draftVisibilityLabel>
                <runtimePermissionsSet>
                    <Value>true</Value>
                    <Timestamp>2023-11-29T21:58:55.976Z</Timestamp>
                    <Quality>GOOD</Quality>
                </runtimePermissionsSet>
            </ThingProperties>
        </Thing>
    </Things>
</Entities>
