<?xml version="1.0" encoding="UTF-8"?>
<Entities
 majorVersion="9"
 minorVersion="4"
 universal="password">
    <Things>
        <Thing
         aspect.isEditableExtensionObject="false"
         aspect.isExtension="true"
         aspect.isSystemObject="false"
         description="Contains the default security model for DPM"
         documentationContent=""
         effectiveThingPackage="ConfiguredThing"
         enabled="true"
         homeMashup=""
         identifier=""
         inheritedValueStream=""
         name="PTCDTS.Base.Permissions.EntryPoint"
         projectName="PTCDTS.Base.Permissions"
         published="false"
         tags=""
         thingTemplate="PTCDTS.Base.Permissions.EntryPoint_TT"
         valueStream="">
            <avatar></avatar>
            <DesignTimePermissions>
                <Create></Create>
                <Read></Read>
                <Update></Update>
                <Delete></Delete>
                <Metadata></Metadata>
            </DesignTimePermissions>
            <RunTimePermissions></RunTimePermissions>
            <VisibilityPermissions>
                <Visibility></Visibility>
            </VisibilityPermissions>
            <ConfigurationTableDefinitions></ConfigurationTableDefinitions>
            <ConfigurationTables>
                <ConfigurationTable
                 dataShapeName=""
                 description="Configuration table to store the components core manager"
                 isMultiRow="true"
                 name="ComponentManager"
                 ordinal="0">
                    <DataShape>
                        <FieldDefinitions>
                            <FieldDefinition
                             aspect.isPrimaryKey="true"
                             baseType="STRING"
                             description="unique identifier for the manager that needs to be configured"
                             name="id"
                             ordinal="1"></FieldDefinition>
                            <FieldDefinition
                             aspect.isPrimaryKey="false"
                             aspect.thingShape="PTC.Base.CommonManagement_TS"
                             baseType="THINGNAME"
                             description="Name of the Manager Thing to be configured"
                             name="managerThingName"
                             ordinal="2"></FieldDefinition>
                        </FieldDefinitions>
                    </DataShape>
                    <Rows>
                        <Row>
                            <id>
                            <![CDATA[
                            ComponentManager
                            ]]>
                            </id>
                            <managerThingName>
                            <![CDATA[
                            PTCDTS.Base.Permissions.Manager
                            ]]>
                            </managerThingName>
                        </Row>
                    </Rows>
                </ConfigurationTable>
            </ConfigurationTables>
            <ThingShape>
                <PropertyDefinitions></PropertyDefinitions>
                <ServiceDefinitions></ServiceDefinitions>
                <EventDefinitions></EventDefinitions>
                <ServiceMappings></ServiceMappings>
                <ServiceImplementations></ServiceImplementations>
                <Subscriptions></Subscriptions>
            </ThingShape>
            <PropertyBindings></PropertyBindings>
            <RemotePropertyBindings></RemotePropertyBindings>
            <RemoteServiceBindings></RemoteServiceBindings>
            <RemoteEventBindings></RemoteEventBindings>
            <AlertConfigurations></AlertConfigurations>
            <ImplementedShapes></ImplementedShapes>
            <ThingProperties>
                <componentType>
                    <Value>
                    <![CDATA[
                    Standard
                    ]]>
                    </Value>
                    <Timestamp>2021-07-06T18:38:40.553Z</Timestamp>
                    <Quality>GOOD</Quality>
                </componentType>
                <componentDeploymentState>
                    <Value>
                    <![CDATA[
                    Not Configured
                    ]]>
                    </Value>
                    <Timestamp>2023-12-08T20:01:33.027Z</Timestamp>
                    <Quality>GOOD</Quality>
                </componentDeploymentState>
                <componentDefaultOrg>
                    <Value>
                    <![CDATA[
                    PTCDTS.Base.Permissions.Default_OR
                    ]]>
                    </Value>
                    <Timestamp>2021-07-06T18:38:40.553Z</Timestamp>
                    <Quality>GOOD</Quality>
                </componentDefaultOrg>
                <dependentComponents>
                    <Value>
                        <infoTable>
                            <DataShape>
                                <FieldDefinitions>
                                    <FieldDefinition
                                     aspect.isPrimaryKey="false"
                                     baseType="STRING"
                                     description="Common name of the component"
                                     name="ComponentName"
                                     ordinal="0"></FieldDefinition>
                                    <FieldDefinition
                                     aspect.isPrimaryKey="false"
                                     baseType="STRING"
                                     description="Component's project name"
                                     name="ComponentProjectName"
                                     ordinal="0"></FieldDefinition>
                                </FieldDefinitions>
                            </DataShape>
                            <Rows></Rows>
                        </infoTable>
                    </Value>
                    <Timestamp>2022-07-06T13:15:30.191Z</Timestamp>
                    <Quality>GOOD</Quality>
                </dependentComponents>
                <deployComponentStatus>
                    <Value>
                        <infoTable>
                            <DataShape>
                                <FieldDefinitions>
                                    <FieldDefinition
                                     aspect.defaultValue="{}"
                                     aspect.isPrimaryKey="false"
                                     baseType="JSON"
                                     description="Information about the internal status."
                                     name="additionalInfo"
                                     ordinal="0"></FieldDefinition>
                                    <FieldDefinition
                                     aspect.isPrimaryKey="false"
                                     baseType="STRING"
                                     description="Name of the Component"
                                     name="name"
                                     ordinal="0"></FieldDefinition>
                                    <FieldDefinition
                                     aspect.isPrimaryKey="false"
                                     baseType="STRING"
                                     description="config status of the component"
                                     name="status"
                                     ordinal="0"></FieldDefinition>
                                    <FieldDefinition
                                     aspect.isPrimaryKey="false"
                                     baseType="STRING"
                                     description="Type of action."
                                     name="type"
                                     ordinal="0"></FieldDefinition>
                                </FieldDefinitions>
                            </DataShape>
                            <Rows></Rows>
                        </infoTable>
                    </Value>
                    <Timestamp>2022-07-06T16:41:43.351Z</Timestamp>
                    <Quality>GOOD</Quality>
                </deployComponentStatus>
                <componentDescription>
                    <Value>
                    <![CDATA[
                    Contains the default security model for DPM
                    ]]>
                    </Value>
                    <Timestamp>2021-07-06T18:38:40.553Z</Timestamp>
                    <Quality>GOOD</Quality>
                </componentDescription>
                <migrateComponentStatus>
                    <Value>
                        <infoTable>
                            <DataShape>
                                <FieldDefinitions>
                                    <FieldDefinition
                                     aspect.defaultValue="{}"
                                     aspect.isPrimaryKey="false"
                                     baseType="JSON"
                                     description="Information about the internal status."
                                     name="additionalInfo"
                                     ordinal="0"></FieldDefinition>
                                    <FieldDefinition
                                     aspect.isPrimaryKey="false"
                                     baseType="STRING"
                                     description="Name of the Component"
                                     name="name"
                                     ordinal="0"></FieldDefinition>
                                    <FieldDefinition
                                     aspect.isPrimaryKey="false"
                                     baseType="STRING"
                                     description="config status of the component"
                                     name="status"
                                     ordinal="0"></FieldDefinition>
                                    <FieldDefinition
                                     aspect.isPrimaryKey="false"
                                     baseType="STRING"
                                     description="Type of action."
                                     name="type"
                                     ordinal="0"></FieldDefinition>
                                </FieldDefinitions>
                            </DataShape>
                            <Rows></Rows>
                        </infoTable>
                    </Value>
                    <Timestamp>2022-07-06T16:41:43.351Z</Timestamp>
                    <Quality>GOOD</Quality>
                </migrateComponentStatus>
                <componentDefaultUserGroup>
                    <Value>
                    <![CDATA[
                    PTCDTS.Base.Permissions.Default_UG
                    ]]>
                    </Value>
                    <Timestamp>2021-07-06T18:38:40.553Z</Timestamp>
                    <Quality>GOOD</Quality>
                </componentDefaultUserGroup>
                <componentThumbnail>
                    <Value></Value>
                    <Timestamp>2022-07-06T13:15:30.191Z</Timestamp>
                    <Quality>GOOD</Quality>
                </componentThumbnail>
                <componentVersion>
                    <Value>
                    <![CDATA[
                    1.2.1
                    ]]>
                    </Value>
                    <Timestamp>2021-02-25T13:06:17.744Z</Timestamp>
                    <Quality>GOOD</Quality>
                </componentVersion>
                <componentMainMashup>
                    <Value></Value>
                    <Timestamp>2022-07-06T13:15:30.191Z</Timestamp>
                    <Quality>GOOD</Quality>
                </componentMainMashup>
                <componentName>
                    <Value>
                    <![CDATA[
                    DTS Base Permissions
                    ]]>
                    </Value>
                    <Timestamp>2021-07-06T18:38:40.553Z</Timestamp>
                    <Quality>GOOD</Quality>
                </componentName>
                <upgradeComponentStatus>
                    <Value>
                        <infoTable>
                            <DataShape>
                                <FieldDefinitions>
                                    <FieldDefinition
                                     aspect.defaultValue="{}"
                                     aspect.isPrimaryKey="false"
                                     baseType="JSON"
                                     description="Information about the internal status."
                                     name="additionalInfo"
                                     ordinal="0"></FieldDefinition>
                                    <FieldDefinition
                                     aspect.isPrimaryKey="false"
                                     baseType="STRING"
                                     description="Name of the Component"
                                     name="name"
                                     ordinal="0"></FieldDefinition>
                                    <FieldDefinition
                                     aspect.isPrimaryKey="false"
                                     baseType="STRING"
                                     description="config status of the component"
                                     name="status"
                                     ordinal="0"></FieldDefinition>
                                    <FieldDefinition
                                     aspect.isPrimaryKey="false"
                                     baseType="STRING"
                                     description="Type of action."
                                     name="type"
                                     ordinal="0"></FieldDefinition>
                                </FieldDefinitions>
                            </DataShape>
                            <Rows></Rows>
                        </infoTable>
                    </Value>
                    <Timestamp>2022-07-06T16:41:43.351Z</Timestamp>
                    <Quality>GOOD</Quality>
                </upgradeComponentStatus>
                <DefaultComponentGroupMapping>
                    <Value>
                        <infoTable
                         dataShapeName="PTCDTS.Base.Permissions.ComponentGroupMapping_DS"
                         description=""
                         isMultiRow="true"
                         name="BooleanComponentConfig"
                         ordinal="0">
                            <DataShape>
                                <FieldDefinitions>
                                    <FieldDefinition
                                     baseType="BOOLEAN"
                                     description=""
                                     name="AllUsers"
                                     ordinal="6"></FieldDefinition>
                                    <FieldDefinition
                                     baseType="BOOLEAN"
                                     description=""
                                     name="ApplicationAdmin"
                                     ordinal="4"></FieldDefinition>
                                    <FieldDefinition
                                     baseType="BOOLEAN"
                                     description=""
                                     name="AssociationPrincipal"
                                     ordinal="5"></FieldDefinition>
                                    <FieldDefinition
                                     aspect.isPrimaryKey="true"
                                     baseType="STRING"
                                     description=""
                                     name="ComponentGroup"
                                     ordinal="2"></FieldDefinition>
                                    <FieldDefinition
                                     baseType="STRING"
                                     description=""
                                     name="Description"
                                     ordinal="3"></FieldDefinition>
                                    <FieldDefinition
                                     aspect.defaultValue="Live"
                                     baseType="STRING"
                                     description=""
                                     name="Status"
                                     ordinal="1"></FieldDefinition>
                                    <FieldDefinition
                                     baseType="BOOLEAN"
                                     description=""
                                     name="UtilAdmin"
                                     ordinal="7"></FieldDefinition>
                                    <FieldDefinition
                                     baseType="BOOLEAN"
                                     description=""
                                     name="UtilUser"
                                     ordinal="8"></FieldDefinition>
                                </FieldDefinitions>
                            </DataShape>
                            <Rows>
                                <Row>
                                    <AllUsers>false</AllUsers>
                                    <ApplicationAdmin>true</ApplicationAdmin>
                                    <AssociationPrincipal>false</AssociationPrincipal>
                                    <ComponentGroup>
                                    <![CDATA[
                                    PTCSC.UtilizationUI.Admin_UG
                                    ]]>
                                    </ComponentGroup>
                                    <Description></Description>
                                    <Status>
                                    <![CDATA[
                                    Live
                                    ]]>
                                    </Status>
                                    <UtilAdmin>true</UtilAdmin>
                                    <UtilUser>false</UtilUser>
                                </Row>
                                <Row>
                                    <AllUsers>true</AllUsers>
                                    <ApplicationAdmin>false</ApplicationAdmin>
                                    <AssociationPrincipal>false</AssociationPrincipal>
                                    <ComponentGroup>
                                    <![CDATA[
                                    PTCSC.UtilizationUI.Default_UG
                                    ]]>
                                    </ComponentGroup>
                                    <Description></Description>
                                    <Status>
                                    <![CDATA[
                                    Live
                                    ]]>
                                    </Status>
                                    <UtilAdmin>false</UtilAdmin>
                                    <UtilUser>true</UtilUser>
                                </Row>
                                <Row>
                                    <AllUsers>false</AllUsers>
                                    <ApplicationAdmin>true</ApplicationAdmin>
                                    <AssociationPrincipal>false</AssociationPrincipal>
                                    <ComponentGroup>
                                    <![CDATA[
                                    PTCSC.UtilizationTWImpl.Admin_UG
                                    ]]>
                                    </ComponentGroup>
                                    <Description></Description>
                                    <Status>
                                    <![CDATA[
                                    Live
                                    ]]>
                                    </Status>
                                    <UtilAdmin>true</UtilAdmin>
                                    <UtilUser>false</UtilUser>
                                </Row>
                                <Row>
                                    <AllUsers>true</AllUsers>
                                    <ApplicationAdmin>false</ApplicationAdmin>
                                    <AssociationPrincipal>false</AssociationPrincipal>
                                    <ComponentGroup>
                                    <![CDATA[
                                    PTCSC.UtilizationTWImpl.Default_UG
                                    ]]>
                                    </ComponentGroup>
                                    <Description></Description>
                                    <Status>
                                    <![CDATA[
                                    Live
                                    ]]>
                                    </Status>
                                    <UtilAdmin>false</UtilAdmin>
                                    <UtilUser>true</UtilUser>
                                </Row>
                                <Row>
                                    <AllUsers>false</AllUsers>
                                    <ApplicationAdmin>true</ApplicationAdmin>
                                    <AssociationPrincipal>false</AssociationPrincipal>
                                    <ComponentGroup>
                                    <![CDATA[
                                    PTCSC.UtilizationSQLImpl.Admin_UG
                                    ]]>
                                    </ComponentGroup>
                                    <Description></Description>
                                    <Status>
                                    <![CDATA[
                                    Live
                                    ]]>
                                    </Status>
                                    <UtilAdmin>true</UtilAdmin>
                                    <UtilUser>false</UtilUser>
                                </Row>
                                <Row>
                                    <AllUsers>true</AllUsers>
                                    <ApplicationAdmin>false</ApplicationAdmin>
                                    <AssociationPrincipal>false</AssociationPrincipal>
                                    <ComponentGroup>
                                    <![CDATA[
                                    PTCSC.UtilizationSQLImpl.Default_UG
                                    ]]>
                                    </ComponentGroup>
                                    <Description></Description>
                                    <Status>
                                    <![CDATA[
                                    Live
                                    ]]>
                                    </Status>
                                    <UtilAdmin>false</UtilAdmin>
                                    <UtilUser>true</UtilUser>
                                </Row>
                                <Row>
                                    <AllUsers>false</AllUsers>
                                    <ApplicationAdmin>true</ApplicationAdmin>
                                    <AssociationPrincipal>false</AssociationPrincipal>
                                    <ComponentGroup>
                                    <![CDATA[
                                    PTCSC.UtilizationAdminUI.Admin_UG
                                    ]]>
                                    </ComponentGroup>
                                    <Description></Description>
                                    <Status>
                                    <![CDATA[
                                    Live
                                    ]]>
                                    </Status>
                                    <UtilAdmin>false</UtilAdmin>
                                    <UtilUser>false</UtilUser>
                                </Row>
                                <Row>
                                    <AllUsers>true</AllUsers>
                                    <ApplicationAdmin>false</ApplicationAdmin>
                                    <AssociationPrincipal>false</AssociationPrincipal>
                                    <ComponentGroup>
                                    <![CDATA[
                                    PTCSC.UtilizationAdminUI.Default_UG
                                    ]]>
                                    </ComponentGroup>
                                    <Description></Description>
                                    <Status>
                                    <![CDATA[
                                    Live
                                    ]]>
                                    </Status>
                                    <UtilAdmin>false</UtilAdmin>
                                    <UtilUser>false</UtilUser>
                                </Row>
                                <Row>
                                    <AllUsers>false</AllUsers>
                                    <ApplicationAdmin>true</ApplicationAdmin>
                                    <AssociationPrincipal>false</AssociationPrincipal>
                                    <ComponentGroup>
                                    <![CDATA[
                                    PTCSC.Utilization.Admin_UG
                                    ]]>
                                    </ComponentGroup>
                                    <Description></Description>
                                    <Status>
                                    <![CDATA[
                                    Live
                                    ]]>
                                    </Status>
                                    <UtilAdmin>true</UtilAdmin>
                                    <UtilUser>false</UtilUser>
                                </Row>
                                <Row>
                                    <AllUsers>true</AllUsers>
                                    <ApplicationAdmin>false</ApplicationAdmin>
                                    <AssociationPrincipal>false</AssociationPrincipal>
                                    <ComponentGroup>
                                    <![CDATA[
                                    PTCSC.Utilization.Default_UG
                                    ]]>
                                    </ComponentGroup>
                                    <Description></Description>
                                    <Status>
                                    <![CDATA[
                                    Live
                                    ]]>
                                    </Status>
                                    <UtilAdmin>false</UtilAdmin>
                                    <UtilUser>true</UtilUser>
                                </Row>
                                <Row>
                                    <AllUsers>false</AllUsers>
                                    <ApplicationAdmin>true</ApplicationAdmin>
                                    <AssociationPrincipal>false</AssociationPrincipal>
                                    <ComponentGroup>
                                    <![CDATA[
                                    PTCDTS.UserManagementUI.Admin_UG
                                    ]]>
                                    </ComponentGroup>
                                    <Description></Description>
                                    <Status>
                                    <![CDATA[
                                    Live
                                    ]]>
                                    </Status>
                                    <UtilAdmin>false</UtilAdmin>
                                    <UtilUser>false</UtilUser>
                                </Row>
                                <Row>
                                    <AllUsers>true</AllUsers>
                                    <ApplicationAdmin>false</ApplicationAdmin>
                                    <AssociationPrincipal>false</AssociationPrincipal>
                                    <ComponentGroup>
                                    <![CDATA[
                                    PTCDTS.UserManagementUI.Default_UG
                                    ]]>
                                    </ComponentGroup>
                                    <Description></Description>
                                    <Status>
                                    <![CDATA[
                                    Live
                                    ]]>
                                    </Status>
                                    <UtilAdmin>false</UtilAdmin>
                                    <UtilUser>false</UtilUser>
                                </Row>
                                <Row>
                                    <AllUsers>false</AllUsers>
                                    <ApplicationAdmin>true</ApplicationAdmin>
                                    <AssociationPrincipal>false</AssociationPrincipal>
                                    <ComponentGroup>
                                    <![CDATA[
                                    PTCDTS.DatabaseManagementUI.Admin_UG
                                    ]]>
                                    </ComponentGroup>
                                    <Description></Description>
                                    <Status>
                                    <![CDATA[
                                    Live
                                    ]]>
                                    </Status>
                                    <UtilAdmin>false</UtilAdmin>
                                    <UtilUser>false</UtilUser>
                                </Row>
                                <Row>
                                    <AllUsers>true</AllUsers>
                                    <ApplicationAdmin>false</ApplicationAdmin>
                                    <AssociationPrincipal>false</AssociationPrincipal>
                                    <ComponentGroup>
                                    <![CDATA[
                                    PTCDTS.DatabaseManagementUI.Default_UG
                                    ]]>
                                    </ComponentGroup>
                                    <Description></Description>
                                    <Status>
                                    <![CDATA[
                                    Live
                                    ]]>
                                    </Status>
                                    <UtilAdmin>false</UtilAdmin>
                                    <UtilUser>false</UtilUser>
                                </Row>
                                <Row>
                                    <AllUsers>false</AllUsers>
                                    <ApplicationAdmin>true</ApplicationAdmin>
                                    <AssociationPrincipal>false</AssociationPrincipal>
                                    <ComponentGroup>
                                    <![CDATA[
                                    PTCDTS.DatabaseManagement.Admin_UG
                                    ]]>
                                    </ComponentGroup>
                                    <Description></Description>
                                    <Status>
                                    <![CDATA[
                                    Live
                                    ]]>
                                    </Status>
                                    <UtilAdmin>false</UtilAdmin>
                                    <UtilUser>false</UtilUser>
                                </Row>
                                <Row>
                                    <AllUsers>true</AllUsers>
                                    <ApplicationAdmin>false</ApplicationAdmin>
                                    <AssociationPrincipal>false</AssociationPrincipal>
                                    <ComponentGroup>
                                    <![CDATA[
                                    PTCDTS.DatabaseManagement.Default_UG
                                    ]]>
                                    </ComponentGroup>
                                    <Description></Description>
                                    <Status>
                                    <![CDATA[
                                    Live
                                    ]]>
                                    </Status>
                                    <UtilAdmin>false</UtilAdmin>
                                    <UtilUser>false</UtilUser>
                                </Row>
                                <Row>
                                    <AllUsers>false</AllUsers>
                                    <ApplicationAdmin>true</ApplicationAdmin>
                                    <AssociationPrincipal>false</AssociationPrincipal>
                                    <ComponentGroup>
                                    <![CDATA[
                                    PTCDTS.CustomizationAnalysis.Admin_UG
                                    ]]>
                                    </ComponentGroup>
                                    <Description></Description>
                                    <Status>
                                    <![CDATA[
                                    Live
                                    ]]>
                                    </Status>
                                    <UtilAdmin>false</UtilAdmin>
                                    <UtilUser>false</UtilUser>
                                </Row>
                                <Row>
                                    <AllUsers>true</AllUsers>
                                    <ApplicationAdmin>false</ApplicationAdmin>
                                    <AssociationPrincipal>false</AssociationPrincipal>
                                    <ComponentGroup>
                                    <![CDATA[
                                    PTCDTS.CustomizationAnalysis.Default_UG
                                    ]]>
                                    </ComponentGroup>
                                    <Description></Description>
                                    <Status>
                                    <![CDATA[
                                    Live
                                    ]]>
                                    </Status>
                                    <UtilAdmin>false</UtilAdmin>
                                    <UtilUser>false</UtilUser>
                                </Row>
                                <Row>
                                    <AllUsers>false</AllUsers>
                                    <ApplicationAdmin>true</ApplicationAdmin>
                                    <AssociationPrincipal>false</AssociationPrincipal>
                                    <ComponentGroup>
                                    <![CDATA[
                                    PTCDTS.Base.Admin_UG
                                    ]]>
                                    </ComponentGroup>
                                    <Description>
                                    <![CDATA[
                                    Admin Group Created by PTCDTS.Base.Permissions Initialization
                                    ]]>
                                    </Description>
                                    <Status>
                                    <![CDATA[
                                    Live
                                    ]]>
                                    </Status>
                                    <UtilAdmin>false</UtilAdmin>
                                    <UtilUser>false</UtilUser>
                                </Row>
                                <Row>
                                    <AllUsers>true</AllUsers>
                                    <ApplicationAdmin>false</ApplicationAdmin>
                                    <AssociationPrincipal>false</AssociationPrincipal>
                                    <ComponentGroup>
                                    <![CDATA[
                                    PTCDTS.Base.Default_UG
                                    ]]>
                                    </ComponentGroup>
                                    <Description></Description>
                                    <Status>
                                    <![CDATA[
                                    Live
                                    ]]>
                                    </Status>
                                    <UtilAdmin>false</UtilAdmin>
                                    <UtilUser>false</UtilUser>
                                </Row>
                                <Row>
                                    <AllUsers>true</AllUsers>
                                    <ApplicationAdmin>false</ApplicationAdmin>
                                    <AssociationPrincipal>false</AssociationPrincipal>
                                    <ComponentGroup>
                                    <![CDATA[
                                    PTC.WorkMasterImpl.Default_UG
                                    ]]>
                                    </ComponentGroup>
                                    <Description>
                                    <![CDATA[
                                    Default user group for the work master implementation building block. {PTC.WorkMasterImpl.EntryPoint_TT}
                                    ]]>
                                    </Description>
                                    <Status>
                                    <![CDATA[
                                    Live
                                    ]]>
                                    </Status>
                                    <UtilAdmin>false</UtilAdmin>
                                    <UtilUser>false</UtilUser>
                                </Row>
                                <Row>
                                    <AllUsers>true</AllUsers>
                                    <ApplicationAdmin>false</ApplicationAdmin>
                                    <AssociationPrincipal>false</AssociationPrincipal>
                                    <ComponentGroup>
                                    <![CDATA[
                                    PTC.WorkMaster.Default_UG
                                    ]]>
                                    </ComponentGroup>
                                    <Description>
                                    <![CDATA[
                                    Default user group for the work master abstract building block. {PTC.WorkMaster.Default_UG}
                                    ]]>
                                    </Description>
                                    <Status>
                                    <![CDATA[
                                    Live
                                    ]]>
                                    </Status>
                                    <UtilAdmin>false</UtilAdmin>
                                    <UtilUser>false</UtilUser>
                                </Row>
                                <Row>
                                    <AllUsers>false</AllUsers>
                                    <ApplicationAdmin>true</ApplicationAdmin>
                                    <AssociationPrincipal>false</AssociationPrincipal>
                                    <ComponentGroup>
                                    <![CDATA[
                                    PTC.UserManagement.Admin_UG
                                    ]]>
                                    </ComponentGroup>
                                    <Description>
                                    <![CDATA[
                                    Admin Group Created by PTCDTS.Base.Permissions Initialization
                                    ]]>
                                    </Description>
                                    <Status>
                                    <![CDATA[
                                    Live
                                    ]]>
                                    </Status>
                                    <UtilAdmin>false</UtilAdmin>
                                    <UtilUser>false</UtilUser>
                                </Row>
                                <Row>
                                    <AllUsers>true</AllUsers>
                                    <ApplicationAdmin>false</ApplicationAdmin>
                                    <AssociationPrincipal>false</AssociationPrincipal>
                                    <ComponentGroup>
                                    <![CDATA[
                                    PTC.UserManagement.Default_UG
                                    ]]>
                                    </ComponentGroup>
                                    <Description>
                                    <![CDATA[
                                    Default User Group used to give users runtime permissions for User Management entities and services that ALL users need.
                                    ]]>
                                    </Description>
                                    <Status>
                                    <![CDATA[
                                    Live
                                    ]]>
                                    </Status>
                                    <UtilAdmin>false</UtilAdmin>
                                    <UtilUser>false</UtilUser>
                                </Row>
                                <Row>
                                    <AllUsers>false</AllUsers>
                                    <ApplicationAdmin>true</ApplicationAdmin>
                                    <AssociationPrincipal>false</AssociationPrincipal>
                                    <ComponentGroup>
                                    <![CDATA[
                                    PTC.UserManagement.UserManagementPermission
                                    ]]>
                                    </ComponentGroup>
                                    <Description>
                                    <![CDATA[
                                    Permission that grants the user the ability to view, edit, create, delete user and security entities
                                    ]]>
                                    </Description>
                                    <Status>
                                    <![CDATA[
                                    Live
                                    ]]>
                                    </Status>
                                    <UtilAdmin>false</UtilAdmin>
                                    <UtilUser>false</UtilUser>
                                </Row>
                                <Row>
                                    <AllUsers>false</AllUsers>
                                    <ApplicationAdmin>true</ApplicationAdmin>
                                    <AssociationPrincipal>false</AssociationPrincipal>
                                    <ComponentGroup>
                                    <![CDATA[
                                    PTC.UpgradeManagement.Admin_UG
                                    ]]>
                                    </ComponentGroup>
                                    <Description></Description>
                                    <Status>
                                    <![CDATA[
                                    Live
                                    ]]>
                                    </Status>
                                    <UtilAdmin>false</UtilAdmin>
                                    <UtilUser>false</UtilUser>
                                </Row>
                                <Row>
                                    <AllUsers>true</AllUsers>
                                    <ApplicationAdmin>false</ApplicationAdmin>
                                    <AssociationPrincipal>false</AssociationPrincipal>
                                    <ComponentGroup>
                                    <![CDATA[
                                    PTC.UpgradeManagement.Default_UG
                                    ]]>
                                    </ComponentGroup>
                                    <Description></Description>
                                    <Status>
                                    <![CDATA[
                                    Live
                                    ]]>
                                    </Status>
                                    <UtilAdmin>false</UtilAdmin>
                                    <UtilUser>false</UtilUser>
                                </Row>
                                <Row>
                                    <AllUsers>true</AllUsers>
                                    <ApplicationAdmin>false</ApplicationAdmin>
                                    <AssociationPrincipal>false</AssociationPrincipal>
                                    <ComponentGroup>
                                    <![CDATA[
                                    PTC.StatusImpl.Default_UG
                                    ]]>
                                    </ComponentGroup>
                                    <Description>
                                    <![CDATA[
                                    Status building block user group default implementation. {PTC.StatusImpl.Default_UG}
                                    ]]>
                                    </Description>
                                    <Status>
                                    <![CDATA[
                                    Live
                                    ]]>
                                    </Status>
                                    <UtilAdmin>false</UtilAdmin>
                                    <UtilUser>false</UtilUser>
                                </Row>
                                <Row>
                                    <AllUsers>true</AllUsers>
                                    <ApplicationAdmin>false</ApplicationAdmin>
                                    <AssociationPrincipal>false</AssociationPrincipal>
                                    <ComponentGroup>
                                    <![CDATA[
                                    PTC.Status.Default_UG
                                    ]]>
                                    </ComponentGroup>
                                    <Description>
                                    <![CDATA[
                                    Status default user group. {PTC.Status.Default_UG}
                                    ]]>
                                    </Description>
                                    <Status>
                                    <![CDATA[
                                    Live
                                    ]]>
                                    </Status>
                                    <UtilAdmin>false</UtilAdmin>
                                    <UtilUser>false</UtilUser>
                                </Row>
                                <Row>
                                    <AllUsers>true</AllUsers>
                                    <ApplicationAdmin>false</ApplicationAdmin>
                                    <AssociationPrincipal>false</AssociationPrincipal>
                                    <ComponentGroup>
                                    <![CDATA[
                                    PTC.StateMachineImpl.Default_UG
                                    ]]>
                                    </ComponentGroup>
                                    <Description>
                                    <![CDATA[
                                    Default user group for state machine implementation. {PTC.StateMachineImpl.Default_UG}
                                    ]]>
                                    </Description>
                                    <Status>
                                    <![CDATA[
                                    Live
                                    ]]>
                                    </Status>
                                    <UtilAdmin>false</UtilAdmin>
                                    <UtilUser>false</UtilUser>
                                </Row>
                                <Row>
                                    <AllUsers>true</AllUsers>
                                    <ApplicationAdmin>false</ApplicationAdmin>
                                    <AssociationPrincipal>false</AssociationPrincipal>
                                    <ComponentGroup>
                                    <![CDATA[
                                    PTC.StateMachine.Default_UG
                                    ]]>
                                    </ComponentGroup>
                                    <Description>
                                    <![CDATA[
                                    Default user group for state machine. {PTC.StateMachine.Default_UG}
                                    ]]>
                                    </Description>
                                    <Status>
                                    <![CDATA[
                                    Live
                                    ]]>
                                    </Status>
                                    <UtilAdmin>false</UtilAdmin>
                                    <UtilUser>false</UtilUser>
                                </Row>
                                <Row>
                                    <AllUsers>false</AllUsers>
                                    <ApplicationAdmin>false</ApplicationAdmin>
                                    <AssociationPrincipal>false</AssociationPrincipal>
                                    <ComponentGroup>
                                    <![CDATA[
                                    PTC.SolutionFramework.Admin_UG
                                    ]]>
                                    </ComponentGroup>
                                    <Description></Description>
                                    <Status>
                                    <![CDATA[
                                    Live
                                    ]]>
                                    </Status>
                                    <UtilAdmin>false</UtilAdmin>
                                    <UtilUser>false</UtilUser>
                                </Row>
                                <Row>
                                    <AllUsers>false</AllUsers>
                                    <ApplicationAdmin>false</ApplicationAdmin>
                                    <AssociationPrincipal>false</AssociationPrincipal>
                                    <ComponentGroup>
                                    <![CDATA[
                                    PTC.SolutionFramework.Default_UG
                                    ]]>
                                    </ComponentGroup>
                                    <Description></Description>
                                    <Status>
                                    <![CDATA[
                                    Live
                                    ]]>
                                    </Status>
                                    <UtilAdmin>false</UtilAdmin>
                                    <UtilUser>false</UtilUser>
                                </Row>
                                <Row>
                                    <AllUsers>true</AllUsers>
                                    <ApplicationAdmin>false</ApplicationAdmin>
                                    <AssociationPrincipal>false</AssociationPrincipal>
                                    <ComponentGroup>
                                    <![CDATA[
                                    PTC.ShiftImpl.Default_UG
                                    ]]>
                                    </ComponentGroup>
                                    <Description>
                                    <![CDATA[
                                    Shift operator advisor implementation default user group.
                                    ]]>
                                    </Description>
                                    <Status>
                                    <![CDATA[
                                    Live
                                    ]]>
                                    </Status>
                                    <UtilAdmin>false</UtilAdmin>
                                    <UtilUser>false</UtilUser>
                                </Row>
                                <Row>
                                    <AllUsers>true</AllUsers>
                                    <ApplicationAdmin>false</ApplicationAdmin>
                                    <AssociationPrincipal>false</AssociationPrincipal>
                                    <ComponentGroup>
                                    <![CDATA[
                                    PTC.Shift.Default_UG
                                    ]]>
                                    </ComponentGroup>
                                    <Description>
                                    <![CDATA[
                                    Default user group for the shift abstract building block. {PTC.Shift.Default_UG}
                                    ]]>
                                    </Description>
                                    <Status>
                                    <![CDATA[
                                    Live
                                    ]]>
                                    </Status>
                                    <UtilAdmin>false</UtilAdmin>
                                    <UtilUser>false</UtilUser>
                                </Row>
                                <Row>
                                    <AllUsers>true</AllUsers>
                                    <ApplicationAdmin>false</ApplicationAdmin>
                                    <AssociationPrincipal>false</AssociationPrincipal>
                                    <ComponentGroup>
                                    <![CDATA[
                                    PTC.SCA.SCO.Default_UG
                                    ]]>
                                    </ComponentGroup>
                                    <Description>
                                    <![CDATA[
                                    Default SCA.SCO Work Instructions User Group
                                    ]]>
                                    </Description>
                                    <Status>
                                    <![CDATA[
                                    Live
                                    ]]>
                                    </Status>
                                    <UtilAdmin>false</UtilAdmin>
                                    <UtilUser>false</UtilUser>
                                </Row>
                                <Row>
                                    <AllUsers>true</AllUsers>
                                    <ApplicationAdmin>false</ApplicationAdmin>
                                    <AssociationPrincipal>false</AssociationPrincipal>
                                    <ComponentGroup>
                                    <![CDATA[
                                    PTC.ReasonCodeImpl.Default_UG
                                    ]]>
                                    </ComponentGroup>
                                    <Description>
                                    <![CDATA[
                                    Default user group for the reason code implementation building block. {PTC.ReasonCodeImpl.Default_UG}
                                    ]]>
                                    </Description>
                                    <Status>
                                    <![CDATA[
                                    Live
                                    ]]>
                                    </Status>
                                    <UtilAdmin>false</UtilAdmin>
                                    <UtilUser>false</UtilUser>
                                </Row>
                                <Row>
                                    <AllUsers>true</AllUsers>
                                    <ApplicationAdmin>false</ApplicationAdmin>
                                    <AssociationPrincipal>false</AssociationPrincipal>
                                    <ComponentGroup>
                                    <![CDATA[
                                    PTC.ReasonCode.Default_UG
                                    ]]>
                                    </ComponentGroup>
                                    <Description>
                                    <![CDATA[
                                    Default user group for the reason code abstract building block. {PTC.ReasonCode.Default_UG}
                                    ]]>
                                    </Description>
                                    <Status>
                                    <![CDATA[
                                    Live
                                    ]]>
                                    </Status>
                                    <UtilAdmin>false</UtilAdmin>
                                    <UtilUser>false</UtilUser>
                                </Row>
                                <Row>
                                    <AllUsers>false</AllUsers>
                                    <ApplicationAdmin>true</ApplicationAdmin>
                                    <AssociationPrincipal>false</AssociationPrincipal>
                                    <ComponentGroup>
                                    <![CDATA[
                                    PTC.ModelManagementImpl.Admin_UG
                                    ]]>
                                    </ComponentGroup>
                                    <Description>
                                    <![CDATA[
                                    Admin Group Created by PTCDTS.Base.Permissions Initialization
                                    ]]>
                                    </Description>
                                    <Status>
                                    <![CDATA[
                                    Live
                                    ]]>
                                    </Status>
                                    <UtilAdmin>false</UtilAdmin>
                                    <UtilUser>false</UtilUser>
                                </Row>
                                <Row>
                                    <AllUsers>true</AllUsers>
                                    <ApplicationAdmin>false</ApplicationAdmin>
                                    <AssociationPrincipal>false</AssociationPrincipal>
                                    <ComponentGroup>
                                    <![CDATA[
                                    PTC.ModelManagementImpl.Default_UG
                                    ]]>
                                    </ComponentGroup>
                                    <Description>
                                    <![CDATA[
                                    Default user group for the model management implementation building block. {PTC.ModelManagementImpl.Default_UG}
                                    ]]>
                                    </Description>
                                    <Status>
                                    <![CDATA[
                                    Live
                                    ]]>
                                    </Status>
                                    <UtilAdmin>false</UtilAdmin>
                                    <UtilUser>false</UtilUser>
                                </Row>
                                <Row>
                                    <AllUsers>false</AllUsers>
                                    <ApplicationAdmin>true</ApplicationAdmin>
                                    <AssociationPrincipal>false</AssociationPrincipal>
                                    <ComponentGroup>
                                    <![CDATA[
                                    PTC.ModelManagementImpl.ModelManagementDatabasePermission
                                    ]]>
                                    </ComponentGroup>
                                    <Description>
                                    <![CDATA[
                                    User group for managing model database table functions. {PTC.ModelManagementImpl.ModelManagementDatabasePermission}
                                    ]]>
                                    </Description>
                                    <Status>
                                    <![CDATA[
                                    Live
                                    ]]>
                                    </Status>
                                    <UtilAdmin>false</UtilAdmin>
                                    <UtilUser>false</UtilUser>
                                </Row>
                                <Row>
                                    <AllUsers>false</AllUsers>
                                    <ApplicationAdmin>true</ApplicationAdmin>
                                    <AssociationPrincipal>false</AssociationPrincipal>
                                    <ComponentGroup>
                                    <![CDATA[
                                    PTC.ModelManagement.Admin_UG
                                    ]]>
                                    </ComponentGroup>
                                    <Description>
                                    <![CDATA[
                                    Admin Group Created by PTCDTS.Base.Permissions Initialization
                                    ]]>
                                    </Description>
                                    <Status>
                                    <![CDATA[
                                    Live
                                    ]]>
                                    </Status>
                                    <UtilAdmin>false</UtilAdmin>
                                    <UtilUser>false</UtilUser>
                                </Row>
                                <Row>
                                    <AllUsers>true</AllUsers>
                                    <ApplicationAdmin>false</ApplicationAdmin>
                                    <AssociationPrincipal>false</AssociationPrincipal>
                                    <ComponentGroup>
                                    <![CDATA[
                                    PTC.ModelManagement.Default_UG
                                    ]]>
                                    </ComponentGroup>
                                    <Description>
                                    <![CDATA[
                                    Default user group for the model management abstract building block. {PTC.ModelManagement.Default_UG}
                                    ]]>
                                    </Description>
                                    <Status>
                                    <![CDATA[
                                    Live
                                    ]]>
                                    </Status>
                                    <UtilAdmin>false</UtilAdmin>
                                    <UtilUser>false</UtilUser>
                                </Row>
                                <Row>
                                    <AllUsers>false</AllUsers>
                                    <ApplicationAdmin>true</ApplicationAdmin>
                                    <AssociationPrincipal>false</AssociationPrincipal>
                                    <ComponentGroup>
                                    <![CDATA[
                                    PTC.ModelManagement.ModelManagementPermission
                                    ]]>
                                    </ComponentGroup>
                                    <Description>
                                    <![CDATA[
                                    User group for managing model creation, edit and deletion. {PTC.ModelManagement.ModelManagementPermission}
                                    ]]>
                                    </Description>
                                    <Status>
                                    <![CDATA[
                                    Live
                                    ]]>
                                    </Status>
                                    <UtilAdmin>false</UtilAdmin>
                                    <UtilUser>false</UtilUser>
                                </Row>
                                <Row>
                                    <AllUsers>true</AllUsers>
                                    <ApplicationAdmin>false</ApplicationAdmin>
                                    <AssociationPrincipal>false</AssociationPrincipal>
                                    <ComponentGroup>
                                    <![CDATA[
                                    PTC.MfgModelImpl.Default_UG
                                    ]]>
                                    </ComponentGroup>
                                    <Description>
                                    <![CDATA[
                                    Default user group for the manufacturing model implementation building block. {PTC.MfgModelImpl.Default_UG}
                                    ]]>
                                    </Description>
                                    <Status>
                                    <![CDATA[
                                    Live
                                    ]]>
                                    </Status>
                                    <UtilAdmin>false</UtilAdmin>
                                    <UtilUser>false</UtilUser>
                                </Row>
                                <Row>
                                    <AllUsers>true</AllUsers>
                                    <ApplicationAdmin>false</ApplicationAdmin>
                                    <AssociationPrincipal>false</AssociationPrincipal>
                                    <ComponentGroup>
                                    <![CDATA[
                                    PTC.MfgModel.Default_UG
                                    ]]>
                                    </ComponentGroup>
                                    <Description>
                                    <![CDATA[
                                    Default user group for manufacturing model abstract building block. {PTC.MfgModel.Default_UG}
                                    ]]>
                                    </Description>
                                    <Status>
                                    <![CDATA[
                                    Live
                                    ]]>
                                    </Status>
                                    <UtilAdmin>false</UtilAdmin>
                                    <UtilUser>false</UtilUser>
                                </Row>
                                <Row>
                                    <AllUsers>true</AllUsers>
                                    <ApplicationAdmin>false</ApplicationAdmin>
                                    <AssociationPrincipal>false</AssociationPrincipal>
                                    <ComponentGroup>
                                    <![CDATA[
                                    PTC.MetricImpl.Default_UG
                                    ]]>
                                    </ComponentGroup>
                                    <Description>
                                    <![CDATA[
                                    Default user group for the MetricImpl implementation building block. {PTC.MetricImpl.Default_UG}
                                    ]]>
                                    </Description>
                                    <Status>
                                    <![CDATA[
                                    Live
                                    ]]>
                                    </Status>
                                    <UtilAdmin>false</UtilAdmin>
                                    <UtilUser>false</UtilUser>
                                </Row>
                                <Row>
                                    <AllUsers>true</AllUsers>
                                    <ApplicationAdmin>false</ApplicationAdmin>
                                    <AssociationPrincipal>false</AssociationPrincipal>
                                    <ComponentGroup>
                                    <![CDATA[
                                    PTC.Metric.Default_UG
                                    ]]>
                                    </ComponentGroup>
                                    <Description>
                                    <![CDATA[
                                    Default user group for the Metric abstract building block. {PTC.Metric.Default_UG}
                                    ]]>
                                    </Description>
                                    <Status>
                                    <![CDATA[
                                    Live
                                    ]]>
                                    </Status>
                                    <UtilAdmin>false</UtilAdmin>
                                    <UtilUser>false</UtilUser>
                                </Row>
                                <Row>
                                    <AllUsers>true</AllUsers>
                                    <ApplicationAdmin>false</ApplicationAdmin>
                                    <AssociationPrincipal>false</AssociationPrincipal>
                                    <ComponentGroup>
                                    <![CDATA[
                                    PTC.MaterialMasterImpl.Default_UG
                                    ]]>
                                    </ComponentGroup>
                                    <Description>
                                    <![CDATA[
                                    Material master  operator advisor implementation default user group. {PTC.MaterialMasterImpl.Default_UG}
                                    ]]>
                                    </Description>
                                    <Status>
                                    <![CDATA[
                                    Live
                                    ]]>
                                    </Status>
                                    <UtilAdmin>false</UtilAdmin>
                                    <UtilUser>false</UtilUser>
                                </Row>
                                <Row>
                                    <AllUsers>true</AllUsers>
                                    <ApplicationAdmin>false</ApplicationAdmin>
                                    <AssociationPrincipal>false</AssociationPrincipal>
                                    <ComponentGroup>
                                    <![CDATA[
                                    PTC.MaterialMaster.Default_UG
                                    ]]>
                                    </ComponentGroup>
                                    <Description>
                                    <![CDATA[
                                    Material master default user group. {PTC.MaterialMaster.Default_UG}
                                    ]]>
                                    </Description>
                                    <Status>
                                    <![CDATA[
                                    Live
                                    ]]>
                                    </Status>
                                    <UtilAdmin>false</UtilAdmin>
                                    <UtilUser>false</UtilUser>
                                </Row>
                                <Row>
                                    <AllUsers>true</AllUsers>
                                    <ApplicationAdmin>false</ApplicationAdmin>
                                    <AssociationPrincipal>false</AssociationPrincipal>
                                    <ComponentGroup>
                                    <![CDATA[
                                    PTC.JobOrderImpl.Default_UG
                                    ]]>
                                    </ComponentGroup>
                                    <Description>
                                    <![CDATA[
                                    Default job order implementation user group.
                                    ]]>
                                    </Description>
                                    <Status>
                                    <![CDATA[
                                    Live
                                    ]]>
                                    </Status>
                                    <UtilAdmin>false</UtilAdmin>
                                    <UtilUser>false</UtilUser>
                                </Row>
                                <Row>
                                    <AllUsers>true</AllUsers>
                                    <ApplicationAdmin>false</ApplicationAdmin>
                                    <AssociationPrincipal>false</AssociationPrincipal>
                                    <ComponentGroup>
                                    <![CDATA[
                                    PTC.JobOrder.Default_UG
                                    ]]>
                                    </ComponentGroup>
                                    <Description>
                                    <![CDATA[
                                    Default user group for the job order abstract building block. {PTC.JobOrder.Default_UG}
                                    ]]>
                                    </Description>
                                    <Status>
                                    <![CDATA[
                                    Live
                                    ]]>
                                    </Status>
                                    <UtilAdmin>false</UtilAdmin>
                                    <UtilUser>false</UtilUser>
                                </Row>
                                <Row>
                                    <AllUsers>true</AllUsers>
                                    <ApplicationAdmin>false</ApplicationAdmin>
                                    <AssociationPrincipal>false</AssociationPrincipal>
                                    <ComponentGroup>
                                    <![CDATA[
                                    PTC.DefaultConfiguration.Admin_UG
                                    ]]>
                                    </ComponentGroup>
                                    <Description>
                                    <![CDATA[
                                    Admin Group Created by PTCDTS.Base.Permissions Initialization
                                    ]]>
                                    </Description>
                                    <Status>
                                    <![CDATA[
                                    Live
                                    ]]>
                                    </Status>
                                    <UtilAdmin>false</UtilAdmin>
                                    <UtilUser>false</UtilUser>
                                </Row>
                                <Row>
                                    <AllUsers>true</AllUsers>
                                    <ApplicationAdmin>false</ApplicationAdmin>
                                    <AssociationPrincipal>false</AssociationPrincipal>
                                    <ComponentGroup>
                                    <![CDATA[
                                    PTC.DefaultConfiguration.Default_UG
                                    ]]>
                                    </ComponentGroup>
                                    <Description>
                                    <![CDATA[
                                    Default User Group for the Default Impl building block
                                    ]]>
                                    </Description>
                                    <Status>
                                    <![CDATA[
                                    Live
                                    ]]>
                                    </Status>
                                    <UtilAdmin>false</UtilAdmin>
                                    <UtilUser>false</UtilUser>
                                </Row>
                                <Row>
                                    <AllUsers>false</AllUsers>
                                    <ApplicationAdmin>true</ApplicationAdmin>
                                    <AssociationPrincipal>false</AssociationPrincipal>
                                    <ComponentGroup>
                                    <![CDATA[
                                    PTC.DBConnection.Admin_UG
                                    ]]>
                                    </ComponentGroup>
                                    <Description>
                                    <![CDATA[
                                    Admin Group Created by PTCDTS.Base.Permissions Initialization
                                    ]]>
                                    </Description>
                                    <Status>
                                    <![CDATA[
                                    Live
                                    ]]>
                                    </Status>
                                    <UtilAdmin>false</UtilAdmin>
                                    <UtilUser>false</UtilUser>
                                </Row>
                                <Row>
                                    <AllUsers>true</AllUsers>
                                    <ApplicationAdmin>false</ApplicationAdmin>
                                    <AssociationPrincipal>false</AssociationPrincipal>
                                    <ComponentGroup>
                                    <![CDATA[
                                    PTC.DBConnection.Default_UG
                                    ]]>
                                    </ComponentGroup>
                                    <Description>
                                    <![CDATA[
                                    Default user group for the DBConnection building block {PTC.DBConnection.Default_UG}
                                    ]]>
                                    </Description>
                                    <Status>
                                    <![CDATA[
                                    Live
                                    ]]>
                                    </Status>
                                    <UtilAdmin>false</UtilAdmin>
                                    <UtilUser>false</UtilUser>
                                </Row>
                                <Row>
                                    <AllUsers>false</AllUsers>
                                    <ApplicationAdmin>true</ApplicationAdmin>
                                    <AssociationPrincipal>false</AssociationPrincipal>
                                    <ComponentGroup>
                                    <![CDATA[
                                    PTC.ComponentManagement.Admin_UG
                                    ]]>
                                    </ComponentGroup>
                                    <Description>
                                    <![CDATA[
                                    Admin Group Created by PTCDTS.Base.Permissions Initialization
                                    ]]>
                                    </Description>
                                    <Status>
                                    <![CDATA[
                                    Live
                                    ]]>
                                    </Status>
                                    <UtilAdmin>false</UtilAdmin>
                                    <UtilUser>false</UtilUser>
                                </Row>
                                <Row>
                                    <AllUsers>true</AllUsers>
                                    <ApplicationAdmin>false</ApplicationAdmin>
                                    <AssociationPrincipal>false</AssociationPrincipal>
                                    <ComponentGroup>
                                    <![CDATA[
                                    PTC.ComponentManagement.Default_UG
                                    ]]>
                                    </ComponentGroup>
                                    <Description></Description>
                                    <Status>
                                    <![CDATA[
                                    Live
                                    ]]>
                                    </Status>
                                    <UtilAdmin>false</UtilAdmin>
                                    <UtilUser>false</UtilUser>
                                </Row>
                                <Row>
                                    <AllUsers>false</AllUsers>
                                    <ApplicationAdmin>true</ApplicationAdmin>
                                    <AssociationPrincipal>false</AssociationPrincipal>
                                    <ComponentGroup>
                                    <![CDATA[
                                    PTC.Base.Admin_UG
                                    ]]>
                                    </ComponentGroup>
                                    <Description>
                                    <![CDATA[
                                    Admin Group Created by PTCDTS.Base.Permissions Initialization
                                    ]]>
                                    </Description>
                                    <Status>
                                    <![CDATA[
                                    Live
                                    ]]>
                                    </Status>
                                    <UtilAdmin>false</UtilAdmin>
                                    <UtilUser>false</UtilUser>
                                </Row>
                                <Row>
                                    <AllUsers>false</AllUsers>
                                    <ApplicationAdmin>true</ApplicationAdmin>
                                    <AssociationPrincipal>false</AssociationPrincipal>
                                    <ComponentGroup>
                                    <![CDATA[
                                    PTC.Base.BaseManagementPermission
                                    ]]>
                                    </ComponentGroup>
                                    <Description>
                                    <![CDATA[
                                    Group that provdes access to Base Component Functions
                                    ]]>
                                    </Description>
                                    <Status>
                                    <![CDATA[
                                    Live
                                    ]]>
                                    </Status>
                                    <UtilAdmin>false</UtilAdmin>
                                    <UtilUser>false</UtilUser>
                                </Row>
                                <Row>
                                    <AllUsers>true</AllUsers>
                                    <ApplicationAdmin>false</ApplicationAdmin>
                                    <AssociationPrincipal>false</AssociationPrincipal>
                                    <ComponentGroup>
                                    <![CDATA[
                                    PTC.Base.Default_UG
                                    ]]>
                                    </ComponentGroup>
                                    <Description>
                                    <![CDATA[
                                    Default Component User Group. Will contain users that have permissions to run the Base Component level services.
                                    ]]>
                                    </Description>
                                    <Status>
                                    <![CDATA[
                                    Live
                                    ]]>
                                    </Status>
                                    <UtilAdmin>false</UtilAdmin>
                                    <UtilUser>false</UtilUser>
                                </Row>
                            </Rows>
                        </infoTable>
                    </Value>
                    <Timestamp>2023-12-08T20:01:33.027Z</Timestamp>
                    <Quality>GOOD</Quality>
                </DefaultComponentGroupMapping>
            </ThingProperties>
        </Thing>
    </Things>
</Entities>
