<?xml version="1.0" encoding="UTF-8"?>
<Entities
 majorVersion="9"
 minorVersion="4"
 universal="password">
    <Things>
        <Thing
         aspect.isEditableExtensionObject="false"
         aspect.isExtension="true"
         aspect.isSystemObject="false"
         description="Configuration Thing that sets up IAM groups and orgs and contains the associations and roles"
         documentationContent=""
         effectiveThingPackage="ConfiguredThing"
         enabled="true"
         homeMashup=""
         identifier=""
         inheritedValueStream=""
         name="PTCDTS.Base.Permissions.IAMConfiguration"
         projectName="PTCDTS.Base.Permissions"
         published="false"
         tags=""
         thingTemplate="PTCDTS.Base.IAMConfiguration_TT"
         valueStream="">
            <avatar></avatar>
            <DesignTimePermissions>
                <Create></Create>
                <Read></Read>
                <Update></Update>
                <Delete></Delete>
                <Metadata></Metadata>
            </DesignTimePermissions>
            <RunTimePermissions></RunTimePermissions>
            <VisibilityPermissions>
                <Visibility>
                    <Principal
                     isPermitted="true"
                     name="PTCDTS.Base.Permissions.Default_OR"
                     type="Organization"></Principal>
                </Visibility>
            </VisibilityPermissions>
            <ConfigurationTableDefinitions>
                <ConfigurationTableDefinition
                 category=""
                 dataShapeName="PTCDTS.Base.Permissions.ComponentGroupMapping_DS"
                 description=""
                 isHidden="false"
                 isMultiRow="true"
                 name="BooleanComponentConfig"
                 ordinal="0"
                 source="REST"></ConfigurationTableDefinition>
            </ConfigurationTableDefinitions>
            <ConfigurationTables>
                <ConfigurationTable
                 dataShapeName=""
                 description=""
                 isMultiRow="false"
                 name="AssetsInNetworkConfiguration"
                 ordinal="0">
                    <DataShape>
                        <FieldDefinitions>
                            <FieldDefinition
                             aspect.defaultValue="false"
                             aspect.isPrimaryKey="true"
                             baseType="BOOLEAN"
                             description=""
                             name="includeAssets"
                             ordinal="1"></FieldDefinition>
                        </FieldDefinitions>
                    </DataShape>
                    <Rows>
                        <Row>
                            <includeAssets>false</includeAssets>
                        </Row>
                    </Rows>
                </ConfigurationTable>
                <ConfigurationTable
                 dataShapeName=""
                 description=""
                 isMultiRow="true"
                 name="AssociationAndRoleConfiguration"
                 ordinal="0">
                    <DataShape>
                        <FieldDefinitions>
                            <FieldDefinition
                             aspect.isPrimaryKey="true"
                             baseType="STRING"
                             description="Type of Association"
                             name="associationType"
                             ordinal="1"></FieldDefinition>
                            <FieldDefinition
                             aspect.defaultValue="true"
                             aspect.isPrimaryKey="false"
                             baseType="BOOLEAN"
                             description=""
                             name="isExternal"
                             ordinal="4"></FieldDefinition>
                            <FieldDefinition
                             aspect.defaultValue="Associations"
                             aspect.isPrimaryKey="false"
                             baseType="STRING"
                             description=""
                             name="parentOrgNode"
                             ordinal="2"></FieldDefinition>
                            <FieldDefinition
                             aspect.defaultValue="PTCTS.IAMAdmin.BaseAssociation_TT"
                             aspect.isPrimaryKey="false"
                             baseType="STRING"
                             description="ThingTemplate for that corresponds to the Association Type for creating new Associations of that Type."
                             name="thingTemplate"
                             ordinal="3"></FieldDefinition>
                            <FieldDefinition
                             aspect.defaultValue="PTCTS.IAMAdmin.Association_Base_Update_MU"
                             aspect.isPrimaryKey="false"
                             baseType="STRING"
                             description=""
                             name="updateMashup"
                             ordinal="5"></FieldDefinition>
                        </FieldDefinitions>
                    </DataShape>
                    <Rows></Rows>
                </ConfigurationTable>
                <ConfigurationTable
                 dataShapeName="PTCDTS.Base.Permissions.ComponentGroupMapping_DS"
                 description=""
                 isMultiRow="true"
                 name="BooleanComponentConfig"
                 ordinal="0">
                    <DataShape>
                        <FieldDefinitions>
                            <FieldDefinition
                             baseType="BOOLEAN"
                             description=""
                             name="AllUsers"
                             ordinal="6"></FieldDefinition>
                            <FieldDefinition
                             baseType="BOOLEAN"
                             description=""
                             name="ApplicationAdmin"
                             ordinal="4"></FieldDefinition>
                            <FieldDefinition
                             baseType="BOOLEAN"
                             description=""
                             name="AssociationPrincipal"
                             ordinal="5"></FieldDefinition>
                            <FieldDefinition
                             aspect.isPrimaryKey="true"
                             baseType="STRING"
                             description=""
                             name="ComponentGroup"
                             ordinal="2"></FieldDefinition>
                            <FieldDefinition
                             baseType="STRING"
                             description=""
                             name="Description"
                             ordinal="3"></FieldDefinition>
                            <FieldDefinition
                             aspect.defaultValue="Live"
                             baseType="STRING"
                             description=""
                             name="Status"
                             ordinal="1"></FieldDefinition>
                            <FieldDefinition
                             baseType="BOOLEAN"
                             description=""
                             name="UtilAdmin"
                             ordinal="7"></FieldDefinition>
                            <FieldDefinition
                             baseType="BOOLEAN"
                             description=""
                             name="UtilUser"
                             ordinal="8"></FieldDefinition>
                        </FieldDefinitions>
                    </DataShape>
                    <Rows>
                        <Row>
                            <AllUsers>false</AllUsers>
                            <ApplicationAdmin>true</ApplicationAdmin>
                            <AssociationPrincipal>false</AssociationPrincipal>
                            <ComponentGroup>
                            <![CDATA[
                            PTCSC.UtilizationUI.Admin_UG
                            ]]>
                            </ComponentGroup>
                            <Description></Description>
                            <Status>
                            <![CDATA[
                            Live
                            ]]>
                            </Status>
                            <UtilAdmin>true</UtilAdmin>
                            <UtilUser>false</UtilUser>
                        </Row>
                        <Row>
                            <AllUsers>true</AllUsers>
                            <ApplicationAdmin>false</ApplicationAdmin>
                            <AssociationPrincipal>false</AssociationPrincipal>
                            <ComponentGroup>
                            <![CDATA[
                            PTCSC.UtilizationUI.Default_UG
                            ]]>
                            </ComponentGroup>
                            <Description></Description>
                            <Status>
                            <![CDATA[
                            Live
                            ]]>
                            </Status>
                            <UtilAdmin>false</UtilAdmin>
                            <UtilUser>true</UtilUser>
                        </Row>
                        <Row>
                            <AllUsers>false</AllUsers>
                            <ApplicationAdmin>true</ApplicationAdmin>
                            <AssociationPrincipal>false</AssociationPrincipal>
                            <ComponentGroup>
                            <![CDATA[
                            PTCSC.UtilizationTWImpl.Admin_UG
                            ]]>
                            </ComponentGroup>
                            <Description></Description>
                            <Status>
                            <![CDATA[
                            Live
                            ]]>
                            </Status>
                            <UtilAdmin>true</UtilAdmin>
                            <UtilUser>false</UtilUser>
                        </Row>
                        <Row>
                            <AllUsers>true</AllUsers>
                            <ApplicationAdmin>false</ApplicationAdmin>
                            <AssociationPrincipal>false</AssociationPrincipal>
                            <ComponentGroup>
                            <![CDATA[
                            PTCSC.UtilizationTWImpl.Default_UG
                            ]]>
                            </ComponentGroup>
                            <Description></Description>
                            <Status>
                            <![CDATA[
                            Live
                            ]]>
                            </Status>
                            <UtilAdmin>false</UtilAdmin>
                            <UtilUser>true</UtilUser>
                        </Row>
                        <Row>
                            <AllUsers>false</AllUsers>
                            <ApplicationAdmin>true</ApplicationAdmin>
                            <AssociationPrincipal>false</AssociationPrincipal>
                            <ComponentGroup>
                            <![CDATA[
                            PTCSC.UtilizationSQLImpl.Admin_UG
                            ]]>
                            </ComponentGroup>
                            <Description></Description>
                            <Status>
                            <![CDATA[
                            Live
                            ]]>
                            </Status>
                            <UtilAdmin>true</UtilAdmin>
                            <UtilUser>false</UtilUser>
                        </Row>
                        <Row>
                            <AllUsers>true</AllUsers>
                            <ApplicationAdmin>false</ApplicationAdmin>
                            <AssociationPrincipal>false</AssociationPrincipal>
                            <ComponentGroup>
                            <![CDATA[
                            PTCSC.UtilizationSQLImpl.Default_UG
                            ]]>
                            </ComponentGroup>
                            <Description></Description>
                            <Status>
                            <![CDATA[
                            Live
                            ]]>
                            </Status>
                            <UtilAdmin>false</UtilAdmin>
                            <UtilUser>true</UtilUser>
                        </Row>
                        <Row>
                            <AllUsers>false</AllUsers>
                            <ApplicationAdmin>true</ApplicationAdmin>
                            <AssociationPrincipal>false</AssociationPrincipal>
                            <ComponentGroup>
                            <![CDATA[
                            PTCSC.UtilizationAdminUI.Admin_UG
                            ]]>
                            </ComponentGroup>
                            <Description></Description>
                            <Status>
                            <![CDATA[
                            Live
                            ]]>
                            </Status>
                            <UtilAdmin>false</UtilAdmin>
                            <UtilUser>false</UtilUser>
                        </Row>
                        <Row>
                            <AllUsers>true</AllUsers>
                            <ApplicationAdmin>false</ApplicationAdmin>
                            <AssociationPrincipal>false</AssociationPrincipal>
                            <ComponentGroup>
                            <![CDATA[
                            PTCSC.UtilizationAdminUI.Default_UG
                            ]]>
                            </ComponentGroup>
                            <Description></Description>
                            <Status>
                            <![CDATA[
                            Live
                            ]]>
                            </Status>
                            <UtilAdmin>false</UtilAdmin>
                            <UtilUser>false</UtilUser>
                        </Row>
                        <Row>
                            <AllUsers>false</AllUsers>
                            <ApplicationAdmin>true</ApplicationAdmin>
                            <AssociationPrincipal>false</AssociationPrincipal>
                            <ComponentGroup>
                            <![CDATA[
                            PTCSC.Utilization.Admin_UG
                            ]]>
                            </ComponentGroup>
                            <Description></Description>
                            <Status>
                            <![CDATA[
                            Live
                            ]]>
                            </Status>
                            <UtilAdmin>true</UtilAdmin>
                            <UtilUser>false</UtilUser>
                        </Row>
                        <Row>
                            <AllUsers>true</AllUsers>
                            <ApplicationAdmin>false</ApplicationAdmin>
                            <AssociationPrincipal>false</AssociationPrincipal>
                            <ComponentGroup>
                            <![CDATA[
                            PTCSC.Utilization.Default_UG
                            ]]>
                            </ComponentGroup>
                            <Description></Description>
                            <Status>
                            <![CDATA[
                            Live
                            ]]>
                            </Status>
                            <UtilAdmin>false</UtilAdmin>
                            <UtilUser>true</UtilUser>
                        </Row>
                        <Row>
                            <AllUsers>false</AllUsers>
                            <ApplicationAdmin>true</ApplicationAdmin>
                            <AssociationPrincipal>false</AssociationPrincipal>
                            <ComponentGroup>
                            <![CDATA[
                            PTCDTS.UserManagementUI.Admin_UG
                            ]]>
                            </ComponentGroup>
                            <Description></Description>
                            <Status>
                            <![CDATA[
                            Live
                            ]]>
                            </Status>
                            <UtilAdmin>false</UtilAdmin>
                            <UtilUser>false</UtilUser>
                        </Row>
                        <Row>
                            <AllUsers>true</AllUsers>
                            <ApplicationAdmin>false</ApplicationAdmin>
                            <AssociationPrincipal>false</AssociationPrincipal>
                            <ComponentGroup>
                            <![CDATA[
                            PTCDTS.UserManagementUI.Default_UG
                            ]]>
                            </ComponentGroup>
                            <Description></Description>
                            <Status>
                            <![CDATA[
                            Live
                            ]]>
                            </Status>
                            <UtilAdmin>false</UtilAdmin>
                            <UtilUser>false</UtilUser>
                        </Row>
                        <Row>
                            <AllUsers>false</AllUsers>
                            <ApplicationAdmin>true</ApplicationAdmin>
                            <AssociationPrincipal>false</AssociationPrincipal>
                            <ComponentGroup>
                            <![CDATA[
                            PTCDTS.DatabaseManagementUI.Admin_UG
                            ]]>
                            </ComponentGroup>
                            <Description></Description>
                            <Status>
                            <![CDATA[
                            Live
                            ]]>
                            </Status>
                            <UtilAdmin>false</UtilAdmin>
                            <UtilUser>false</UtilUser>
                        </Row>
                        <Row>
                            <AllUsers>true</AllUsers>
                            <ApplicationAdmin>false</ApplicationAdmin>
                            <AssociationPrincipal>false</AssociationPrincipal>
                            <ComponentGroup>
                            <![CDATA[
                            PTCDTS.DatabaseManagementUI.Default_UG
                            ]]>
                            </ComponentGroup>
                            <Description></Description>
                            <Status>
                            <![CDATA[
                            Live
                            ]]>
                            </Status>
                            <UtilAdmin>false</UtilAdmin>
                            <UtilUser>false</UtilUser>
                        </Row>
                        <Row>
                            <AllUsers>false</AllUsers>
                            <ApplicationAdmin>true</ApplicationAdmin>
                            <AssociationPrincipal>false</AssociationPrincipal>
                            <ComponentGroup>
                            <![CDATA[
                            PTCDTS.DatabaseManagement.Admin_UG
                            ]]>
                            </ComponentGroup>
                            <Description></Description>
                            <Status>
                            <![CDATA[
                            Live
                            ]]>
                            </Status>
                            <UtilAdmin>false</UtilAdmin>
                            <UtilUser>false</UtilUser>
                        </Row>
                        <Row>
                            <AllUsers>true</AllUsers>
                            <ApplicationAdmin>false</ApplicationAdmin>
                            <AssociationPrincipal>false</AssociationPrincipal>
                            <ComponentGroup>
                            <![CDATA[
                            PTCDTS.DatabaseManagement.Default_UG
                            ]]>
                            </ComponentGroup>
                            <Description></Description>
                            <Status>
                            <![CDATA[
                            Live
                            ]]>
                            </Status>
                            <UtilAdmin>false</UtilAdmin>
                            <UtilUser>false</UtilUser>
                        </Row>
                        <Row>
                            <AllUsers>false</AllUsers>
                            <ApplicationAdmin>true</ApplicationAdmin>
                            <AssociationPrincipal>false</AssociationPrincipal>
                            <ComponentGroup>
                            <![CDATA[
                            PTCDTS.CustomizationAnalysis.Admin_UG
                            ]]>
                            </ComponentGroup>
                            <Description></Description>
                            <Status>
                            <![CDATA[
                            Live
                            ]]>
                            </Status>
                            <UtilAdmin>false</UtilAdmin>
                            <UtilUser>false</UtilUser>
                        </Row>
                        <Row>
                            <AllUsers>true</AllUsers>
                            <ApplicationAdmin>false</ApplicationAdmin>
                            <AssociationPrincipal>false</AssociationPrincipal>
                            <ComponentGroup>
                            <![CDATA[
                            PTCDTS.CustomizationAnalysis.Default_UG
                            ]]>
                            </ComponentGroup>
                            <Description></Description>
                            <Status>
                            <![CDATA[
                            Live
                            ]]>
                            </Status>
                            <UtilAdmin>false</UtilAdmin>
                            <UtilUser>false</UtilUser>
                        </Row>
                        <Row>
                            <AllUsers>false</AllUsers>
                            <ApplicationAdmin>true</ApplicationAdmin>
                            <AssociationPrincipal>false</AssociationPrincipal>
                            <ComponentGroup>
                            <![CDATA[
                            PTCDTS.Base.Admin_UG
                            ]]>
                            </ComponentGroup>
                            <Description>
                            <![CDATA[
                            Admin Group Created by PTCDTS.Base.Permissions Initialization
                            ]]>
                            </Description>
                            <Status>
                            <![CDATA[
                            Live
                            ]]>
                            </Status>
                            <UtilAdmin>false</UtilAdmin>
                            <UtilUser>false</UtilUser>
                        </Row>
                        <Row>
                            <AllUsers>true</AllUsers>
                            <ApplicationAdmin>false</ApplicationAdmin>
                            <AssociationPrincipal>false</AssociationPrincipal>
                            <ComponentGroup>
                            <![CDATA[
                            PTCDTS.Base.Default_UG
                            ]]>
                            </ComponentGroup>
                            <Description></Description>
                            <Status>
                            <![CDATA[
                            Live
                            ]]>
                            </Status>
                            <UtilAdmin>false</UtilAdmin>
                            <UtilUser>false</UtilUser>
                        </Row>
                        <Row>
                            <AllUsers>true</AllUsers>
                            <ApplicationAdmin>false</ApplicationAdmin>
                            <AssociationPrincipal>false</AssociationPrincipal>
                            <ComponentGroup>
                            <![CDATA[
                            PTC.WorkMasterImpl.Default_UG
                            ]]>
                            </ComponentGroup>
                            <Description>
                            <![CDATA[
                            Default user group for the work master implementation building block. {PTC.WorkMasterImpl.EntryPoint_TT}
                            ]]>
                            </Description>
                            <Status>
                            <![CDATA[
                            Live
                            ]]>
                            </Status>
                            <UtilAdmin>false</UtilAdmin>
                            <UtilUser>false</UtilUser>
                        </Row>
                        <Row>
                            <AllUsers>true</AllUsers>
                            <ApplicationAdmin>false</ApplicationAdmin>
                            <AssociationPrincipal>false</AssociationPrincipal>
                            <ComponentGroup>
                            <![CDATA[
                            PTC.WorkMaster.Default_UG
                            ]]>
                            </ComponentGroup>
                            <Description>
                            <![CDATA[
                            Default user group for the work master abstract building block. {PTC.WorkMaster.Default_UG}
                            ]]>
                            </Description>
                            <Status>
                            <![CDATA[
                            Live
                            ]]>
                            </Status>
                            <UtilAdmin>false</UtilAdmin>
                            <UtilUser>false</UtilUser>
                        </Row>
                        <Row>
                            <AllUsers>false</AllUsers>
                            <ApplicationAdmin>true</ApplicationAdmin>
                            <AssociationPrincipal>false</AssociationPrincipal>
                            <ComponentGroup>
                            <![CDATA[
                            PTC.UserManagement.Admin_UG
                            ]]>
                            </ComponentGroup>
                            <Description>
                            <![CDATA[
                            Admin Group Created by PTCDTS.Base.Permissions Initialization
                            ]]>
                            </Description>
                            <Status>
                            <![CDATA[
                            Live
                            ]]>
                            </Status>
                            <UtilAdmin>false</UtilAdmin>
                            <UtilUser>false</UtilUser>
                        </Row>
                        <Row>
                            <AllUsers>true</AllUsers>
                            <ApplicationAdmin>false</ApplicationAdmin>
                            <AssociationPrincipal>false</AssociationPrincipal>
                            <ComponentGroup>
                            <![CDATA[
                            PTC.UserManagement.Default_UG
                            ]]>
                            </ComponentGroup>
                            <Description>
                            <![CDATA[
                            Default User Group used to give users runtime permissions for User Management entities and services that ALL users need.
                            ]]>
                            </Description>
                            <Status>
                            <![CDATA[
                            Live
                            ]]>
                            </Status>
                            <UtilAdmin>false</UtilAdmin>
                            <UtilUser>false</UtilUser>
                        </Row>
                        <Row>
                            <AllUsers>false</AllUsers>
                            <ApplicationAdmin>true</ApplicationAdmin>
                            <AssociationPrincipal>false</AssociationPrincipal>
                            <ComponentGroup>
                            <![CDATA[
                            PTC.UserManagement.UserManagementPermission
                            ]]>
                            </ComponentGroup>
                            <Description>
                            <![CDATA[
                            Permission that grants the user the ability to view, edit, create, delete user and security entities
                            ]]>
                            </Description>
                            <Status>
                            <![CDATA[
                            Live
                            ]]>
                            </Status>
                            <UtilAdmin>false</UtilAdmin>
                            <UtilUser>false</UtilUser>
                        </Row>
                        <Row>
                            <AllUsers>false</AllUsers>
                            <ApplicationAdmin>true</ApplicationAdmin>
                            <AssociationPrincipal>false</AssociationPrincipal>
                            <ComponentGroup>
                            <![CDATA[
                            PTC.UpgradeManagement.Admin_UG
                            ]]>
                            </ComponentGroup>
                            <Description></Description>
                            <Status>
                            <![CDATA[
                            Live
                            ]]>
                            </Status>
                            <UtilAdmin>false</UtilAdmin>
                            <UtilUser>false</UtilUser>
                        </Row>
                        <Row>
                            <AllUsers>true</AllUsers>
                            <ApplicationAdmin>false</ApplicationAdmin>
                            <AssociationPrincipal>false</AssociationPrincipal>
                            <ComponentGroup>
                            <![CDATA[
                            PTC.UpgradeManagement.Default_UG
                            ]]>
                            </ComponentGroup>
                            <Description></Description>
                            <Status>
                            <![CDATA[
                            Live
                            ]]>
                            </Status>
                            <UtilAdmin>false</UtilAdmin>
                            <UtilUser>false</UtilUser>
                        </Row>
                        <Row>
                            <AllUsers>true</AllUsers>
                            <ApplicationAdmin>false</ApplicationAdmin>
                            <AssociationPrincipal>false</AssociationPrincipal>
                            <ComponentGroup>
                            <![CDATA[
                            PTC.StatusImpl.Default_UG
                            ]]>
                            </ComponentGroup>
                            <Description>
                            <![CDATA[
                            Status building block user group default implementation. {PTC.StatusImpl.Default_UG}
                            ]]>
                            </Description>
                            <Status>
                            <![CDATA[
                            Live
                            ]]>
                            </Status>
                            <UtilAdmin>false</UtilAdmin>
                            <UtilUser>false</UtilUser>
                        </Row>
                        <Row>
                            <AllUsers>true</AllUsers>
                            <ApplicationAdmin>false</ApplicationAdmin>
                            <AssociationPrincipal>false</AssociationPrincipal>
                            <ComponentGroup>
                            <![CDATA[
                            PTC.Status.Default_UG
                            ]]>
                            </ComponentGroup>
                            <Description>
                            <![CDATA[
                            Status default user group. {PTC.Status.Default_UG}
                            ]]>
                            </Description>
                            <Status>
                            <![CDATA[
                            Live
                            ]]>
                            </Status>
                            <UtilAdmin>false</UtilAdmin>
                            <UtilUser>false</UtilUser>
                        </Row>
                        <Row>
                            <AllUsers>true</AllUsers>
                            <ApplicationAdmin>false</ApplicationAdmin>
                            <AssociationPrincipal>false</AssociationPrincipal>
                            <ComponentGroup>
                            <![CDATA[
                            PTC.StateMachineImpl.Default_UG
                            ]]>
                            </ComponentGroup>
                            <Description>
                            <![CDATA[
                            Default user group for state machine implementation. {PTC.StateMachineImpl.Default_UG}
                            ]]>
                            </Description>
                            <Status>
                            <![CDATA[
                            Live
                            ]]>
                            </Status>
                            <UtilAdmin>false</UtilAdmin>
                            <UtilUser>false</UtilUser>
                        </Row>
                        <Row>
                            <AllUsers>true</AllUsers>
                            <ApplicationAdmin>false</ApplicationAdmin>
                            <AssociationPrincipal>false</AssociationPrincipal>
                            <ComponentGroup>
                            <![CDATA[
                            PTC.StateMachine.Default_UG
                            ]]>
                            </ComponentGroup>
                            <Description>
                            <![CDATA[
                            Default user group for state machine. {PTC.StateMachine.Default_UG}
                            ]]>
                            </Description>
                            <Status>
                            <![CDATA[
                            Live
                            ]]>
                            </Status>
                            <UtilAdmin>false</UtilAdmin>
                            <UtilUser>false</UtilUser>
                        </Row>
                        <Row>
                            <AllUsers>false</AllUsers>
                            <ApplicationAdmin>false</ApplicationAdmin>
                            <AssociationPrincipal>false</AssociationPrincipal>
                            <ComponentGroup>
                            <![CDATA[
                            PTC.SolutionFramework.Admin_UG
                            ]]>
                            </ComponentGroup>
                            <Description></Description>
                            <Status>
                            <![CDATA[
                            Live
                            ]]>
                            </Status>
                            <UtilAdmin>false</UtilAdmin>
                            <UtilUser>false</UtilUser>
                        </Row>
                        <Row>
                            <AllUsers>false</AllUsers>
                            <ApplicationAdmin>false</ApplicationAdmin>
                            <AssociationPrincipal>false</AssociationPrincipal>
                            <ComponentGroup>
                            <![CDATA[
                            PTC.SolutionFramework.Default_UG
                            ]]>
                            </ComponentGroup>
                            <Description></Description>
                            <Status>
                            <![CDATA[
                            Live
                            ]]>
                            </Status>
                            <UtilAdmin>false</UtilAdmin>
                            <UtilUser>false</UtilUser>
                        </Row>
                        <Row>
                            <AllUsers>true</AllUsers>
                            <ApplicationAdmin>false</ApplicationAdmin>
                            <AssociationPrincipal>false</AssociationPrincipal>
                            <ComponentGroup>
                            <![CDATA[
                            PTC.ShiftImpl.Default_UG
                            ]]>
                            </ComponentGroup>
                            <Description>
                            <![CDATA[
                            Shift operator advisor implementation default user group.
                            ]]>
                            </Description>
                            <Status>
                            <![CDATA[
                            Live
                            ]]>
                            </Status>
                            <UtilAdmin>false</UtilAdmin>
                            <UtilUser>false</UtilUser>
                        </Row>
                        <Row>
                            <AllUsers>true</AllUsers>
                            <ApplicationAdmin>false</ApplicationAdmin>
                            <AssociationPrincipal>false</AssociationPrincipal>
                            <ComponentGroup>
                            <![CDATA[
                            PTC.Shift.Default_UG
                            ]]>
                            </ComponentGroup>
                            <Description>
                            <![CDATA[
                            Default user group for the shift abstract building block. {PTC.Shift.Default_UG}
                            ]]>
                            </Description>
                            <Status>
                            <![CDATA[
                            Live
                            ]]>
                            </Status>
                            <UtilAdmin>false</UtilAdmin>
                            <UtilUser>false</UtilUser>
                        </Row>
                        <Row>
                            <AllUsers>true</AllUsers>
                            <ApplicationAdmin>false</ApplicationAdmin>
                            <AssociationPrincipal>false</AssociationPrincipal>
                            <ComponentGroup>
                            <![CDATA[
                            PTC.SCA.SCO.Default_UG
                            ]]>
                            </ComponentGroup>
                            <Description>
                            <![CDATA[
                            Default SCA.SCO Work Instructions User Group
                            ]]>
                            </Description>
                            <Status>
                            <![CDATA[
                            Live
                            ]]>
                            </Status>
                            <UtilAdmin>false</UtilAdmin>
                            <UtilUser>false</UtilUser>
                        </Row>
                        <Row>
                            <AllUsers>true</AllUsers>
                            <ApplicationAdmin>false</ApplicationAdmin>
                            <AssociationPrincipal>false</AssociationPrincipal>
                            <ComponentGroup>
                            <![CDATA[
                            PTC.ReasonCodeImpl.Default_UG
                            ]]>
                            </ComponentGroup>
                            <Description>
                            <![CDATA[
                            Default user group for the reason code implementation building block. {PTC.ReasonCodeImpl.Default_UG}
                            ]]>
                            </Description>
                            <Status>
                            <![CDATA[
                            Live
                            ]]>
                            </Status>
                            <UtilAdmin>false</UtilAdmin>
                            <UtilUser>false</UtilUser>
                        </Row>
                        <Row>
                            <AllUsers>true</AllUsers>
                            <ApplicationAdmin>false</ApplicationAdmin>
                            <AssociationPrincipal>false</AssociationPrincipal>
                            <ComponentGroup>
                            <![CDATA[
                            PTC.ReasonCode.Default_UG
                            ]]>
                            </ComponentGroup>
                            <Description>
                            <![CDATA[
                            Default user group for the reason code abstract building block. {PTC.ReasonCode.Default_UG}
                            ]]>
                            </Description>
                            <Status>
                            <![CDATA[
                            Live
                            ]]>
                            </Status>
                            <UtilAdmin>false</UtilAdmin>
                            <UtilUser>false</UtilUser>
                        </Row>
                        <Row>
                            <AllUsers>false</AllUsers>
                            <ApplicationAdmin>true</ApplicationAdmin>
                            <AssociationPrincipal>false</AssociationPrincipal>
                            <ComponentGroup>
                            <![CDATA[
                            PTC.ModelManagementImpl.Admin_UG
                            ]]>
                            </ComponentGroup>
                            <Description>
                            <![CDATA[
                            Admin Group Created by PTCDTS.Base.Permissions Initialization
                            ]]>
                            </Description>
                            <Status>
                            <![CDATA[
                            Live
                            ]]>
                            </Status>
                            <UtilAdmin>false</UtilAdmin>
                            <UtilUser>false</UtilUser>
                        </Row>
                        <Row>
                            <AllUsers>true</AllUsers>
                            <ApplicationAdmin>false</ApplicationAdmin>
                            <AssociationPrincipal>false</AssociationPrincipal>
                            <ComponentGroup>
                            <![CDATA[
                            PTC.ModelManagementImpl.Default_UG
                            ]]>
                            </ComponentGroup>
                            <Description>
                            <![CDATA[
                            Default user group for the model management implementation building block. {PTC.ModelManagementImpl.Default_UG}
                            ]]>
                            </Description>
                            <Status>
                            <![CDATA[
                            Live
                            ]]>
                            </Status>
                            <UtilAdmin>false</UtilAdmin>
                            <UtilUser>false</UtilUser>
                        </Row>
                        <Row>
                            <AllUsers>false</AllUsers>
                            <ApplicationAdmin>true</ApplicationAdmin>
                            <AssociationPrincipal>false</AssociationPrincipal>
                            <ComponentGroup>
                            <![CDATA[
                            PTC.ModelManagementImpl.ModelManagementDatabasePermission
                            ]]>
                            </ComponentGroup>
                            <Description>
                            <![CDATA[
                            User group for managing model database table functions. {PTC.ModelManagementImpl.ModelManagementDatabasePermission}
                            ]]>
                            </Description>
                            <Status>
                            <![CDATA[
                            Live
                            ]]>
                            </Status>
                            <UtilAdmin>false</UtilAdmin>
                            <UtilUser>false</UtilUser>
                        </Row>
                        <Row>
                            <AllUsers>false</AllUsers>
                            <ApplicationAdmin>true</ApplicationAdmin>
                            <AssociationPrincipal>false</AssociationPrincipal>
                            <ComponentGroup>
                            <![CDATA[
                            PTC.ModelManagement.Admin_UG
                            ]]>
                            </ComponentGroup>
                            <Description>
                            <![CDATA[
                            Admin Group Created by PTCDTS.Base.Permissions Initialization
                            ]]>
                            </Description>
                            <Status>
                            <![CDATA[
                            Live
                            ]]>
                            </Status>
                            <UtilAdmin>false</UtilAdmin>
                            <UtilUser>false</UtilUser>
                        </Row>
                        <Row>
                            <AllUsers>true</AllUsers>
                            <ApplicationAdmin>false</ApplicationAdmin>
                            <AssociationPrincipal>false</AssociationPrincipal>
                            <ComponentGroup>
                            <![CDATA[
                            PTC.ModelManagement.Default_UG
                            ]]>
                            </ComponentGroup>
                            <Description>
                            <![CDATA[
                            Default user group for the model management abstract building block. {PTC.ModelManagement.Default_UG}
                            ]]>
                            </Description>
                            <Status>
                            <![CDATA[
                            Live
                            ]]>
                            </Status>
                            <UtilAdmin>false</UtilAdmin>
                            <UtilUser>false</UtilUser>
                        </Row>
                        <Row>
                            <AllUsers>false</AllUsers>
                            <ApplicationAdmin>true</ApplicationAdmin>
                            <AssociationPrincipal>false</AssociationPrincipal>
                            <ComponentGroup>
                            <![CDATA[
                            PTC.ModelManagement.ModelManagementPermission
                            ]]>
                            </ComponentGroup>
                            <Description>
                            <![CDATA[
                            User group for managing model creation, edit and deletion. {PTC.ModelManagement.ModelManagementPermission}
                            ]]>
                            </Description>
                            <Status>
                            <![CDATA[
                            Live
                            ]]>
                            </Status>
                            <UtilAdmin>false</UtilAdmin>
                            <UtilUser>false</UtilUser>
                        </Row>
                        <Row>
                            <AllUsers>true</AllUsers>
                            <ApplicationAdmin>false</ApplicationAdmin>
                            <AssociationPrincipal>false</AssociationPrincipal>
                            <ComponentGroup>
                            <![CDATA[
                            PTC.MfgModelImpl.Default_UG
                            ]]>
                            </ComponentGroup>
                            <Description>
                            <![CDATA[
                            Default user group for the manufacturing model implementation building block. {PTC.MfgModelImpl.Default_UG}
                            ]]>
                            </Description>
                            <Status>
                            <![CDATA[
                            Live
                            ]]>
                            </Status>
                            <UtilAdmin>false</UtilAdmin>
                            <UtilUser>false</UtilUser>
                        </Row>
                        <Row>
                            <AllUsers>true</AllUsers>
                            <ApplicationAdmin>false</ApplicationAdmin>
                            <AssociationPrincipal>false</AssociationPrincipal>
                            <ComponentGroup>
                            <![CDATA[
                            PTC.MfgModel.Default_UG
                            ]]>
                            </ComponentGroup>
                            <Description>
                            <![CDATA[
                            Default user group for manufacturing model abstract building block. {PTC.MfgModel.Default_UG}
                            ]]>
                            </Description>
                            <Status>
                            <![CDATA[
                            Live
                            ]]>
                            </Status>
                            <UtilAdmin>false</UtilAdmin>
                            <UtilUser>false</UtilUser>
                        </Row>
                        <Row>
                            <AllUsers>true</AllUsers>
                            <ApplicationAdmin>false</ApplicationAdmin>
                            <AssociationPrincipal>false</AssociationPrincipal>
                            <ComponentGroup>
                            <![CDATA[
                            PTC.MetricImpl.Default_UG
                            ]]>
                            </ComponentGroup>
                            <Description>
                            <![CDATA[
                            Default user group for the MetricImpl implementation building block. {PTC.MetricImpl.Default_UG}
                            ]]>
                            </Description>
                            <Status>
                            <![CDATA[
                            Live
                            ]]>
                            </Status>
                            <UtilAdmin>false</UtilAdmin>
                            <UtilUser>false</UtilUser>
                        </Row>
                        <Row>
                            <AllUsers>true</AllUsers>
                            <ApplicationAdmin>false</ApplicationAdmin>
                            <AssociationPrincipal>false</AssociationPrincipal>
                            <ComponentGroup>
                            <![CDATA[
                            PTC.Metric.Default_UG
                            ]]>
                            </ComponentGroup>
                            <Description>
                            <![CDATA[
                            Default user group for the Metric abstract building block. {PTC.Metric.Default_UG}
                            ]]>
                            </Description>
                            <Status>
                            <![CDATA[
                            Live
                            ]]>
                            </Status>
                            <UtilAdmin>false</UtilAdmin>
                            <UtilUser>false</UtilUser>
                        </Row>
                        <Row>
                            <AllUsers>true</AllUsers>
                            <ApplicationAdmin>false</ApplicationAdmin>
                            <AssociationPrincipal>false</AssociationPrincipal>
                            <ComponentGroup>
                            <![CDATA[
                            PTC.MaterialMasterImpl.Default_UG
                            ]]>
                            </ComponentGroup>
                            <Description>
                            <![CDATA[
                            Material master  operator advisor implementation default user group. {PTC.MaterialMasterImpl.Default_UG}
                            ]]>
                            </Description>
                            <Status>
                            <![CDATA[
                            Live
                            ]]>
                            </Status>
                            <UtilAdmin>false</UtilAdmin>
                            <UtilUser>false</UtilUser>
                        </Row>
                        <Row>
                            <AllUsers>true</AllUsers>
                            <ApplicationAdmin>false</ApplicationAdmin>
                            <AssociationPrincipal>false</AssociationPrincipal>
                            <ComponentGroup>
                            <![CDATA[
                            PTC.MaterialMaster.Default_UG
                            ]]>
                            </ComponentGroup>
                            <Description>
                            <![CDATA[
                            Material master default user group. {PTC.MaterialMaster.Default_UG}
                            ]]>
                            </Description>
                            <Status>
                            <![CDATA[
                            Live
                            ]]>
                            </Status>
                            <UtilAdmin>false</UtilAdmin>
                            <UtilUser>false</UtilUser>
                        </Row>
                        <Row>
                            <AllUsers>true</AllUsers>
                            <ApplicationAdmin>false</ApplicationAdmin>
                            <AssociationPrincipal>false</AssociationPrincipal>
                            <ComponentGroup>
                            <![CDATA[
                            PTC.JobOrderImpl.Default_UG
                            ]]>
                            </ComponentGroup>
                            <Description>
                            <![CDATA[
                            Default job order implementation user group.
                            ]]>
                            </Description>
                            <Status>
                            <![CDATA[
                            Live
                            ]]>
                            </Status>
                            <UtilAdmin>false</UtilAdmin>
                            <UtilUser>false</UtilUser>
                        </Row>
                        <Row>
                            <AllUsers>true</AllUsers>
                            <ApplicationAdmin>false</ApplicationAdmin>
                            <AssociationPrincipal>false</AssociationPrincipal>
                            <ComponentGroup>
                            <![CDATA[
                            PTC.JobOrder.Default_UG
                            ]]>
                            </ComponentGroup>
                            <Description>
                            <![CDATA[
                            Default user group for the job order abstract building block. {PTC.JobOrder.Default_UG}
                            ]]>
                            </Description>
                            <Status>
                            <![CDATA[
                            Live
                            ]]>
                            </Status>
                            <UtilAdmin>false</UtilAdmin>
                            <UtilUser>false</UtilUser>
                        </Row>
                        <Row>
                            <AllUsers>true</AllUsers>
                            <ApplicationAdmin>false</ApplicationAdmin>
                            <AssociationPrincipal>false</AssociationPrincipal>
                            <ComponentGroup>
                            <![CDATA[
                            PTC.DefaultConfiguration.Admin_UG
                            ]]>
                            </ComponentGroup>
                            <Description>
                            <![CDATA[
                            Admin Group Created by PTCDTS.Base.Permissions Initialization
                            ]]>
                            </Description>
                            <Status>
                            <![CDATA[
                            Live
                            ]]>
                            </Status>
                            <UtilAdmin>false</UtilAdmin>
                            <UtilUser>false</UtilUser>
                        </Row>
                        <Row>
                            <AllUsers>true</AllUsers>
                            <ApplicationAdmin>false</ApplicationAdmin>
                            <AssociationPrincipal>false</AssociationPrincipal>
                            <ComponentGroup>
                            <![CDATA[
                            PTC.DefaultConfiguration.Default_UG
                            ]]>
                            </ComponentGroup>
                            <Description>
                            <![CDATA[
                            Default User Group for the Default Impl building block
                            ]]>
                            </Description>
                            <Status>
                            <![CDATA[
                            Live
                            ]]>
                            </Status>
                            <UtilAdmin>false</UtilAdmin>
                            <UtilUser>false</UtilUser>
                        </Row>
                        <Row>
                            <AllUsers>false</AllUsers>
                            <ApplicationAdmin>true</ApplicationAdmin>
                            <AssociationPrincipal>false</AssociationPrincipal>
                            <ComponentGroup>
                            <![CDATA[
                            PTC.DBConnection.Admin_UG
                            ]]>
                            </ComponentGroup>
                            <Description>
                            <![CDATA[
                            Admin Group Created by PTCDTS.Base.Permissions Initialization
                            ]]>
                            </Description>
                            <Status>
                            <![CDATA[
                            Live
                            ]]>
                            </Status>
                            <UtilAdmin>false</UtilAdmin>
                            <UtilUser>false</UtilUser>
                        </Row>
                        <Row>
                            <AllUsers>true</AllUsers>
                            <ApplicationAdmin>false</ApplicationAdmin>
                            <AssociationPrincipal>false</AssociationPrincipal>
                            <ComponentGroup>
                            <![CDATA[
                            PTC.DBConnection.Default_UG
                            ]]>
                            </ComponentGroup>
                            <Description>
                            <![CDATA[
                            Default user group for the DBConnection building block {PTC.DBConnection.Default_UG}
                            ]]>
                            </Description>
                            <Status>
                            <![CDATA[
                            Live
                            ]]>
                            </Status>
                            <UtilAdmin>false</UtilAdmin>
                            <UtilUser>false</UtilUser>
                        </Row>
                        <Row>
                            <AllUsers>false</AllUsers>
                            <ApplicationAdmin>true</ApplicationAdmin>
                            <AssociationPrincipal>false</AssociationPrincipal>
                            <ComponentGroup>
                            <![CDATA[
                            PTC.ComponentManagement.Admin_UG
                            ]]>
                            </ComponentGroup>
                            <Description>
                            <![CDATA[
                            Admin Group Created by PTCDTS.Base.Permissions Initialization
                            ]]>
                            </Description>
                            <Status>
                            <![CDATA[
                            Live
                            ]]>
                            </Status>
                            <UtilAdmin>false</UtilAdmin>
                            <UtilUser>false</UtilUser>
                        </Row>
                        <Row>
                            <AllUsers>true</AllUsers>
                            <ApplicationAdmin>false</ApplicationAdmin>
                            <AssociationPrincipal>false</AssociationPrincipal>
                            <ComponentGroup>
                            <![CDATA[
                            PTC.ComponentManagement.Default_UG
                            ]]>
                            </ComponentGroup>
                            <Description></Description>
                            <Status>
                            <![CDATA[
                            Live
                            ]]>
                            </Status>
                            <UtilAdmin>false</UtilAdmin>
                            <UtilUser>false</UtilUser>
                        </Row>
                        <Row>
                            <AllUsers>false</AllUsers>
                            <ApplicationAdmin>true</ApplicationAdmin>
                            <AssociationPrincipal>false</AssociationPrincipal>
                            <ComponentGroup>
                            <![CDATA[
                            PTC.Base.Admin_UG
                            ]]>
                            </ComponentGroup>
                            <Description>
                            <![CDATA[
                            Admin Group Created by PTCDTS.Base.Permissions Initialization
                            ]]>
                            </Description>
                            <Status>
                            <![CDATA[
                            Live
                            ]]>
                            </Status>
                            <UtilAdmin>false</UtilAdmin>
                            <UtilUser>false</UtilUser>
                        </Row>
                        <Row>
                            <AllUsers>false</AllUsers>
                            <ApplicationAdmin>true</ApplicationAdmin>
                            <AssociationPrincipal>false</AssociationPrincipal>
                            <ComponentGroup>
                            <![CDATA[
                            PTC.Base.BaseManagementPermission
                            ]]>
                            </ComponentGroup>
                            <Description>
                            <![CDATA[
                            Group that provdes access to Base Component Functions
                            ]]>
                            </Description>
                            <Status>
                            <![CDATA[
                            Live
                            ]]>
                            </Status>
                            <UtilAdmin>false</UtilAdmin>
                            <UtilUser>false</UtilUser>
                        </Row>
                        <Row>
                            <AllUsers>true</AllUsers>
                            <ApplicationAdmin>false</ApplicationAdmin>
                            <AssociationPrincipal>false</AssociationPrincipal>
                            <ComponentGroup>
                            <![CDATA[
                            PTC.Base.Default_UG
                            ]]>
                            </ComponentGroup>
                            <Description>
                            <![CDATA[
                            Default Component User Group. Will contain users that have permissions to run the Base Component level services.
                            ]]>
                            </Description>
                            <Status>
                            <![CDATA[
                            Live
                            ]]>
                            </Status>
                            <UtilAdmin>false</UtilAdmin>
                            <UtilUser>false</UtilUser>
                        </Row>
                    </Rows>
                </ConfigurationTable>
                <ConfigurationTable
                 dataShapeName=""
                 description="This gives the Display Name, the ThingWorx Structure and the Structure type for a project's groups and orgs which will contain the sassociations and roles."
                 isMultiRow="true"
                 name="GroupsAndOrgsConfiguration"
                 ordinal="0">
                    <DataShape>
                        <FieldDefinitions>
                            <FieldDefinition
                             aspect.defaultValue="&quot;&quot;"
                             aspect.isPrimaryKey="true"
                             baseType="STRING"
                             description=""
                             name="DisplayName"
                             ordinal="1"></FieldDefinition>
                            <FieldDefinition
                             aspect.defaultValue="&quot;&quot;"
                             aspect.isPrimaryKey="false"
                             baseType="STRING"
                             description=""
                             name="ThingworxStructure"
                             ordinal="2"></FieldDefinition>
                            <FieldDefinition
                             aspect.defaultValue="&quot;&quot;"
                             aspect.isPrimaryKey="false"
                             baseType="STRING"
                             description=""
                             name="ThingworxType"
                             ordinal="3"></FieldDefinition>
                        </FieldDefinitions>
                    </DataShape>
                    <Rows>
                        <Row>
                            <DisplayName>
                            <![CDATA[
                            AllUsersGroup
                            ]]>
                            </DisplayName>
                            <ThingworxStructure>
                            <![CDATA[
                            PTCDTS.Base.Permissions.Default_UG
                            ]]>
                            </ThingworxStructure>
                            <ThingworxType>
                            <![CDATA[
                            Group
                            ]]>
                            </ThingworxType>
                        </Row>
                        <Row>
                            <DisplayName>
                            <![CDATA[
                            SystemUser
                            ]]>
                            </DisplayName>
                            <ThingworxStructure>
                            <![CDATA[
                            System
                            ]]>
                            </ThingworxStructure>
                            <ThingworxType>
                            <![CDATA[
                            User
                            ]]>
                            </ThingworxType>
                        </Row>
                        <Row>
                            <DisplayName>
                            <![CDATA[
                            AllUsersOrg
                            ]]>
                            </DisplayName>
                            <ThingworxStructure>
                            <![CDATA[
                            PTCDTS.Base.Permissions.Default_OR
                            ]]>
                            </ThingworxStructure>
                            <ThingworxType>
                            <![CDATA[
                            Organization
                            ]]>
                            </ThingworxType>
                        </Row>
                        <Row>
                            <DisplayName>
                            <![CDATA[
                            AssociationsGroup
                            ]]>
                            </DisplayName>
                            <ThingworxStructure>
                            <![CDATA[
                            PTCDTS.Base.Permissions.Associations_UG
                            ]]>
                            </ThingworxStructure>
                            <ThingworxType>
                            <![CDATA[
                            Group
                            ]]>
                            </ThingworxType>
                        </Row>
                        <Row>
                            <DisplayName>
                            <![CDATA[
                            AssociationsOrg
                            ]]>
                            </DisplayName>
                            <ThingworxStructure>
                            <![CDATA[
                            PTCDTS.Base.Permissions.Default_OR:PTCDTS.Base.Permissions.Associations_UG
                            ]]>
                            </ThingworxStructure>
                            <ThingworxType>
                            <![CDATA[
                            OrganizationalUnit
                            ]]>
                            </ThingworxType>
                        </Row>
                        <Row>
                            <DisplayName>
                            <![CDATA[
                            ApplicationAdminGroup
                            ]]>
                            </DisplayName>
                            <ThingworxStructure>
                            <![CDATA[
                            PTCDTS.Base.Permissions.ApplicationAdmin_UG
                            ]]>
                            </ThingworxStructure>
                            <ThingworxType>
                            <![CDATA[
                            Group
                            ]]>
                            </ThingworxType>
                        </Row>
                        <Row>
                            <DisplayName>
                            <![CDATA[
                            AssociationPrincipalGroup
                            ]]>
                            </DisplayName>
                            <ThingworxStructure>
                            <![CDATA[
                            PTCDTS.Base.Permissions.AssociationPrincipal_UG
                            ]]>
                            </ThingworxStructure>
                            <ThingworxType>
                            <![CDATA[
                            Group
                            ]]>
                            </ThingworxType>
                        </Row>
                        <Row>
                            <DisplayName>
                            <![CDATA[
                            ApplicationAdminOrg
                            ]]>
                            </DisplayName>
                            <ThingworxStructure>
                            <![CDATA[
                            PTCDTS.Base.Permissions.Default_OR:PTCDTS.Base.Permissions.ApplicationAdmin_UG
                            ]]>
                            </ThingworxStructure>
                            <ThingworxType>
                            <![CDATA[
                            OrganizationalUnit
                            ]]>
                            </ThingworxType>
                        </Row>
                        <Row>
                            <DisplayName>
                            <![CDATA[
                            AssociationPrincipalOrg
                            ]]>
                            </DisplayName>
                            <ThingworxStructure>
                            <![CDATA[
                            PTCDTS.Base.Permissions.Default_OR:PTCDTS.Base.Permissions.AssociationPrincipal_UG
                            ]]>
                            </ThingworxStructure>
                            <ThingworxType>
                            <![CDATA[
                            OrganizationalUnit
                            ]]>
                            </ThingworxType>
                        </Row>
                        <Row>
                            <DisplayName>
                            <![CDATA[
                            GlobalVisibilityGroup
                            ]]>
                            </DisplayName>
                            <ThingworxStructure>
                            <![CDATA[
                            PTCDTS.Base.Permissions.GlobalVisibility_UG
                            ]]>
                            </ThingworxStructure>
                            <ThingworxType>
                            <![CDATA[
                            Group
                            ]]>
                            </ThingworxType>
                        </Row>
                        <Row>
                            <DisplayName>
                            <![CDATA[
                            GlobalVisibilityOrg
                            ]]>
                            </DisplayName>
                            <ThingworxStructure>
                            <![CDATA[
                            PTCDTS.Base.Permissions.Default_OR:PTCDTS.Base.Permissions.GlobalVisibility_UG
                            ]]>
                            </ThingworxStructure>
                            <ThingworxType>
                            <![CDATA[
                            OrganizationalUnit
                            ]]>
                            </ThingworxType>
                        </Row>
                        <Row>
                            <DisplayName>
                            <![CDATA[
                            UtilAdminGroup
                            ]]>
                            </DisplayName>
                            <ThingworxStructure>
                            <![CDATA[
                            PTCDTS.Base.Permissions.UtilAdmin_UG
                            ]]>
                            </ThingworxStructure>
                            <ThingworxType>
                            <![CDATA[
                            Group
                            ]]>
                            </ThingworxType>
                        </Row>
                        <Row>
                            <DisplayName>
                            <![CDATA[
                            UtilAdminOrg
                            ]]>
                            </DisplayName>
                            <ThingworxStructure>
                            <![CDATA[
                            PTCDTS.Base.Permissions.Default_OR:PTCDTS.Base.Permissions.UtilAdmin_UG
                            ]]>
                            </ThingworxStructure>
                            <ThingworxType>
                            <![CDATA[
                            OrganizationalUnit
                            ]]>
                            </ThingworxType>
                        </Row>
                        <Row>
                            <DisplayName>
                            <![CDATA[
                            UtilUserGroup
                            ]]>
                            </DisplayName>
                            <ThingworxStructure>
                            <![CDATA[
                            PTCDTS.Base.Permissions.UtilUser_UG
                            ]]>
                            </ThingworxStructure>
                            <ThingworxType>
                            <![CDATA[
                            Group
                            ]]>
                            </ThingworxType>
                        </Row>
                        <Row>
                            <DisplayName>
                            <![CDATA[
                            UtilUserOrg
                            ]]>
                            </DisplayName>
                            <ThingworxStructure>
                            <![CDATA[
                            PTCDTS.Base.Permissions.Default_OR:PTCDTS.Base.Permissions.UtilUser_UG
                            ]]>
                            </ThingworxStructure>
                            <ThingworxType>
                            <![CDATA[
                            OrganizationalUnit
                            ]]>
                            </ThingworxType>
                        </Row>
                    </Rows>
                </ConfigurationTable>
                <ConfigurationTable
                 dataShapeName=""
                 description=""
                 isMultiRow="false"
                 name="IAMNetworkStructure"
                 ordinal="0">
                    <DataShape>
                        <FieldDefinitions>
                            <FieldDefinition
                             aspect.defaultValue="PTCTS.IAMAdmin.AssociationNetwork_NW"
                             aspect.isPrimaryKey="true"
                             baseType="STRING"
                             description=""
                             name="networkName"
                             ordinal="1"></FieldDefinition>
                        </FieldDefinitions>
                    </DataShape>
                    <Rows>
                        <Row>
                            <networkName>
                            <![CDATA[
                            PTCDTS.Base.Permissions.AssociationNetwork_NW
                            ]]>
                            </networkName>
                        </Row>
                    </Rows>
                </ConfigurationTable>
                <ConfigurationTable
                 dataShapeName=""
                 description=""
                 isMultiRow="true"
                 name="RolesConfiguration"
                 ordinal="0">
                    <DataShape>
                        <FieldDefinitions>
                            <FieldDefinition
                             aspect.isPrimaryKey="false"
                             baseType="BOOLEAN"
                             description=""
                             name="applicationVisible"
                             ordinal="3"></FieldDefinition>
                            <FieldDefinition
                             aspect.isPrimaryKey="false"
                             baseType="STRING"
                             description=""
                             name="description"
                             ordinal="2"></FieldDefinition>
                            <FieldDefinition
                             aspect.isPrimaryKey="true"
                             baseType="STRING"
                             description=""
                             name="roleName"
                             ordinal="1"></FieldDefinition>
                        </FieldDefinitions>
                    </DataShape>
                    <Rows>
                        <Row>
                            <applicationVisible>false</applicationVisible>
                            <description></description>
                            <roleName>
                            <![CDATA[
                            Associations
                            ]]>
                            </roleName>
                        </Row>
                        <Row>
                            <applicationVisible>true</applicationVisible>
                            <description>
                            <![CDATA[
                            Provides Access to the Administration Menu Option in the master Menu
                            ]]>
                            </description>
                            <roleName>
                            <![CDATA[
                            ApplicationAdmin
                            ]]>
                            </roleName>
                        </Row>
                        <Row>
                            <applicationVisible>true</applicationVisible>
                            <description></description>
                            <roleName>
                            <![CDATA[
                            AssociationPrincipal
                            ]]>
                            </roleName>
                        </Row>
                        <Row>
                            <applicationVisible>true</applicationVisible>
                            <description></description>
                            <roleName>
                            <![CDATA[
                            GlobalVisibility
                            ]]>
                            </roleName>
                        </Row>
                        <Row>
                            <applicationVisible>true</applicationVisible>
                            <description></description>
                            <roleName>
                            <![CDATA[
                            AllUsers
                            ]]>
                            </roleName>
                        </Row>
                        <Row>
                            <applicationVisible>true</applicationVisible>
                            <description></description>
                            <roleName>
                            <![CDATA[
                            UtilAdmin
                            ]]>
                            </roleName>
                        </Row>
                        <Row>
                            <applicationVisible>true</applicationVisible>
                            <description></description>
                            <roleName>
                            <![CDATA[
                            UtilUser
                            ]]>
                            </roleName>
                        </Row>
                    </Rows>
                </ConfigurationTable>
            </ConfigurationTables>
            <ThingShape>
                <PropertyDefinitions></PropertyDefinitions>
                <ServiceDefinitions></ServiceDefinitions>
                <EventDefinitions></EventDefinitions>
                <ServiceMappings></ServiceMappings>
                <ServiceImplementations></ServiceImplementations>
                <Subscriptions></Subscriptions>
            </ThingShape>
            <PropertyBindings></PropertyBindings>
            <RemotePropertyBindings></RemotePropertyBindings>
            <RemoteServiceBindings></RemoteServiceBindings>
            <RemoteEventBindings></RemoteEventBindings>
            <AlertConfigurations></AlertConfigurations>
            <ImplementedShapes></ImplementedShapes>
            <ThingProperties>
                <ComponentMappingSet>
                    <Value>true</Value>
                    <Timestamp>2023-11-29T21:58:53.621Z</Timestamp>
                    <Quality>GOOD</Quality>
                </ComponentMappingSet>
            </ThingProperties>
        </Thing>
    </Things>
</Entities>
