<?xml version="1.0" encoding="UTF-8"?>
<Entities
 majorVersion="9"
 minorVersion="4"
 universal="password">
    <Projects>
        <Project
         artifactId=""
         aspect.isEditableExtensionObject="false"
         aspect.isExtension="true"
         aspect.projectType="Component"
         dependsOn="{&quot;extensions&quot;:&quot;PTCDTS.Base:1.2.102&quot;,&quot;projects&quot;:&quot;PTCDTS.Base:0.0.0,PTC.SolutionFramework:0.0.0&quot;}"
         description=""
         documentationContent=""
         groupId="io.ptc.dts.base"
         homeMashup=""
         minPlatformVersion="9.0.0"
         name="PTCDTS.Base.Permissions"
         packageVersion="1.0.0"
         projectName="PTCDTS.Base.Permissions"
         publishResult=""
         state="DRAFT"
         tags="">
            <avatar></avatar>
            <DesignTimePermissions>
                <Create></Create>
                <Read></Read>
                <Update></Update>
                <Delete></Delete>
                <Metadata></Metadata>
            </DesignTimePermissions>
            <RunTimePermissions></RunTimePermissions>
            <VisibilityPermissions>
                <Visibility>
                    <Principal
                     isPermitted="true"
                     name="PTCDTS.Base.Permissions.Default_OR"
                     type="Organization"></Principal>
                </Visibility>
            </VisibilityPermissions>
            <ConfigurationTableDefinitions></ConfigurationTableDefinitions>
            <ConfigurationTables></ConfigurationTables>
        </Project>
    </Projects>
</Entities>
