<?xml version="1.0" encoding="UTF-8" standalone="no"?><Entities build="b313" majorVersion="9" minorVersion="4" revision="1" schemaVersion="1140">
  <LocalizationTables>
    <LocalizationTable aspect.isCreatable="false" aspect.isEditableSystemObject="true" description="de localization table" documentationContent="" homeMashup="" lastModifiedDate="2023-10-17T20:01:35.047Z" name="de" tags="">
      <avatar/>
      <ConfigurationTables>
        <ConfigurationTable description="Localization tokens and usage" isHidden="false" isMultiRow="true" name="LocalizationTokens" ordinal="0">
          <DataShape>
            <FieldDefinitions>
              <FieldDefinition aspect.friendlyName="Translation context" baseType="STRING" description="Translation context" name="context" ordinal="3"/>
              <FieldDefinition aspect.friendlyName="Token name" baseType="STRING" description="Token name" name="name" ordinal="0"/>
              <FieldDefinition aspect.friendlyName="Token usage" baseType="STRING" description="Token usage" name="usage" ordinal="2"/>
              <FieldDefinition aspect.friendlyName="Localized value" baseType="STRING" description="Localized value" name="value" ordinal="1"/>
            </FieldDefinitions>
          </DataShape>
          <Rows/>
        </ConfigurationTable>
      </ConfigurationTables>
    </LocalizationTable>
    <LocalizationTable aspect.isCreatable="false" aspect.isEditableSystemObject="true" description="ru localization table" documentationContent="" homeMashup="" lastModifiedDate="2023-10-17T20:01:35.055Z" name="ru" tags="">
      <avatar/>
      <ConfigurationTables>
        <ConfigurationTable description="Localization tokens and usage" isHidden="false" isMultiRow="true" name="LocalizationTokens" ordinal="0">
          <DataShape>
            <FieldDefinitions>
              <FieldDefinition aspect.friendlyName="Translation context" baseType="STRING" description="Translation context" name="context" ordinal="3"/>
              <FieldDefinition aspect.friendlyName="Token name" baseType="STRING" description="Token name" name="name" ordinal="0"/>
              <FieldDefinition aspect.friendlyName="Token usage" baseType="STRING" description="Token usage" name="usage" ordinal="2"/>
              <FieldDefinition aspect.friendlyName="Localized value" baseType="STRING" description="Localized value" name="value" ordinal="1"/>
            </FieldDefinitions>
          </DataShape>
          <Rows/>
        </ConfigurationTable>
      </ConfigurationTables>
    </LocalizationTable>
    <LocalizationTable aspect.isCreatable="false" aspect.isEditableSystemObject="true" description="fr localization table" documentationContent="" homeMashup="" lastModifiedDate="2023-10-17T20:01:35.062Z" name="fr" tags="">
      <avatar/>
      <ConfigurationTables>
        <ConfigurationTable description="Localization tokens and usage" isHidden="false" isMultiRow="true" name="LocalizationTokens" ordinal="0">
          <DataShape>
            <FieldDefinitions>
              <FieldDefinition aspect.friendlyName="Translation context" baseType="STRING" description="Translation context" name="context" ordinal="3"/>
              <FieldDefinition aspect.friendlyName="Token name" baseType="STRING" description="Token name" name="name" ordinal="0"/>
              <FieldDefinition aspect.friendlyName="Token usage" baseType="STRING" description="Token usage" name="usage" ordinal="2"/>
              <FieldDefinition aspect.friendlyName="Localized value" baseType="STRING" description="Localized value" name="value" ordinal="1"/>
            </FieldDefinitions>
          </DataShape>
          <Rows/>
        </ConfigurationTable>
      </ConfigurationTables>
    </LocalizationTable>
    <LocalizationTable aspect.isCreatable="false" aspect.isEditableSystemObject="true" description="zh-CN localization table" documentationContent="" homeMashup="" lastModifiedDate="2023-10-17T20:01:35.069Z" name="zh-CN" tags="">
      <avatar/>
      <ConfigurationTables>
        <ConfigurationTable description="Localization tokens and usage" isHidden="false" isMultiRow="true" name="LocalizationTokens" ordinal="0">
          <DataShape>
            <FieldDefinitions>
              <FieldDefinition aspect.friendlyName="Translation context" baseType="STRING" description="Translation context" name="context" ordinal="3"/>
              <FieldDefinition aspect.friendlyName="Token name" baseType="STRING" description="Token name" name="name" ordinal="0"/>
              <FieldDefinition aspect.friendlyName="Token usage" baseType="STRING" description="Token usage" name="usage" ordinal="2"/>
              <FieldDefinition aspect.friendlyName="Localized value" baseType="STRING" description="Localized value" name="value" ordinal="1"/>
            </FieldDefinitions>
          </DataShape>
          <Rows/>
        </ConfigurationTable>
      </ConfigurationTables>
    </LocalizationTable>
    
    <LocalizationTable aspect.isCreatable="false" aspect.isEditableSystemObject="true" description="ko localization table" documentationContent="" homeMashup="" lastModifiedDate="2023-10-17T20:01:35.078Z" name="ko" tags="">
      <avatar/>
      <ConfigurationTables>
        <ConfigurationTable description="Localization tokens and usage" isHidden="false" isMultiRow="true" name="LocalizationTokens" ordinal="0">
          <DataShape>
            <FieldDefinitions>
              <FieldDefinition aspect.friendlyName="Translation context" baseType="STRING" description="Translation context" name="context" ordinal="3"/>
              <FieldDefinition aspect.friendlyName="Token name" baseType="STRING" description="Token name" name="name" ordinal="0"/>
              <FieldDefinition aspect.friendlyName="Token usage" baseType="STRING" description="Token usage" name="usage" ordinal="2"/>
              <FieldDefinition aspect.friendlyName="Localized value" baseType="STRING" description="Localized value" name="value" ordinal="1"/>
            </FieldDefinitions>
          </DataShape>
          <Rows/>
        </ConfigurationTable>
      </ConfigurationTables>
    </LocalizationTable>
    <LocalizationTable aspect.isCreatable="false" aspect.isEditableSystemObject="true" description="zh-TW localization table" documentationContent="" homeMashup="" lastModifiedDate="2023-10-17T20:01:35.083Z" name="zh-TW" tags="">
      <avatar/>
      <ConfigurationTables>
        <ConfigurationTable description="Localization tokens and usage" isHidden="false" isMultiRow="true" name="LocalizationTokens" ordinal="0">
          <DataShape>
            <FieldDefinitions>
              <FieldDefinition aspect.friendlyName="Translation context" baseType="STRING" description="Translation context" name="context" ordinal="3"/>
              <FieldDefinition aspect.friendlyName="Token name" baseType="STRING" description="Token name" name="name" ordinal="0"/>
              <FieldDefinition aspect.friendlyName="Token usage" baseType="STRING" description="Token usage" name="usage" ordinal="2"/>
              <FieldDefinition aspect.friendlyName="Localized value" baseType="STRING" description="Localized value" name="value" ordinal="1"/>
            </FieldDefinitions>
          </DataShape>
          <Rows/>
        </ConfigurationTable>
      </ConfigurationTables>
    </LocalizationTable>
    <LocalizationTable aspect.isCreatable="false" aspect.isEditableSystemObject="true" description="it localization table" documentationContent="" homeMashup="" lastModifiedDate="2023-10-17T20:01:35.087Z" name="it" tags="">
      <avatar/>
      <ConfigurationTables>
        <ConfigurationTable description="Localization tokens and usage" isHidden="false" isMultiRow="true" name="LocalizationTokens" ordinal="0">
          <DataShape>
            <FieldDefinitions>
              <FieldDefinition aspect.friendlyName="Translation context" baseType="STRING" description="Translation context" name="context" ordinal="3"/>
              <FieldDefinition aspect.friendlyName="Token name" baseType="STRING" description="Token name" name="name" ordinal="0"/>
              <FieldDefinition aspect.friendlyName="Token usage" baseType="STRING" description="Token usage" name="usage" ordinal="2"/>
              <FieldDefinition aspect.friendlyName="Localized value" baseType="STRING" description="Localized value" name="value" ordinal="1"/>
            </FieldDefinitions>
          </DataShape>
          <Rows/>
        </ConfigurationTable>
      </ConfigurationTables>
    </LocalizationTable>
    <LocalizationTable aspect.isCreatable="false" aspect.isEditableSystemObject="true" description="Default localization table" documentationContent="" homeMashup="" lastModifiedDate="2023-10-17T20:01:35.094Z" name="Default" tags="">
      <avatar/>
      <ConfigurationTables>
        <ConfigurationTable description="Localization tokens and usage" isHidden="false" isMultiRow="true" name="LocalizationTokens" ordinal="0">
          <DataShape>
            <FieldDefinitions>
              <FieldDefinition aspect.friendlyName="Translation context" baseType="STRING" description="Translation context" name="context" ordinal="3"/>
              <FieldDefinition aspect.friendlyName="Token name" baseType="STRING" description="Token name" name="name" ordinal="0"/>
              <FieldDefinition aspect.friendlyName="Token usage" baseType="STRING" description="Token usage" name="usage" ordinal="2"/>
              <FieldDefinition aspect.friendlyName="Localized value" baseType="STRING" description="Localized value" name="value" ordinal="1"/>
            </FieldDefinitions>
          </DataShape>
          <Rows/>
        </ConfigurationTable>
      </ConfigurationTables>
    </LocalizationTable>
    <LocalizationTable aspect.isCreatable="false" aspect.isEditableSystemObject="true" description="es localization table" documentationContent="" homeMashup="" lastModifiedDate="2023-10-17T20:01:35.119Z" name="es" tags="">
      <avatar/>
      <ConfigurationTables>
        <ConfigurationTable description="Localization tokens and usage" isHidden="false" isMultiRow="true" name="LocalizationTokens" ordinal="0">
          <DataShape>
            <FieldDefinitions>
              <FieldDefinition aspect.friendlyName="Translation context" baseType="STRING" description="Translation context" name="context" ordinal="3"/>
              <FieldDefinition aspect.friendlyName="Token name" baseType="STRING" description="Token name" name="name" ordinal="0"/>
              <FieldDefinition aspect.friendlyName="Token usage" baseType="STRING" description="Token usage" name="usage" ordinal="2"/>
              <FieldDefinition aspect.friendlyName="Localized value" baseType="STRING" description="Localized value" name="value" ordinal="1"/>
            </FieldDefinitions>
          </DataShape>
          <Rows/>
        </ConfigurationTable>
      </ConfigurationTables>
    </LocalizationTable>
    <LocalizationTable aspect.isCreatable="false" aspect.isEditableSystemObject="true" description="ja localization table" documentationContent="" homeMashup="" lastModifiedDate="2023-10-17T20:01:35.124Z" name="ja" tags="">
      <avatar/>
      <ConfigurationTables>
        <ConfigurationTable description="Localization tokens and usage" isHidden="false" isMultiRow="true" name="LocalizationTokens" ordinal="0">
          <DataShape>
            <FieldDefinitions>
              <FieldDefinition aspect.friendlyName="Translation context" baseType="STRING" description="Translation context" name="context" ordinal="3"/>
              <FieldDefinition aspect.friendlyName="Token name" baseType="STRING" description="Token name" name="name" ordinal="0"/>
              <FieldDefinition aspect.friendlyName="Token usage" baseType="STRING" description="Token usage" name="usage" ordinal="2"/>
              <FieldDefinition aspect.friendlyName="Localized value" baseType="STRING" description="Localized value" name="value" ordinal="1"/>
            </FieldDefinitions>
          </DataShape>
          <Rows/>
        </ConfigurationTable>
      </ConfigurationTables>
    </LocalizationTable>
  </LocalizationTables>
</Entities>