<?xml version="1.0" encoding="UTF-8"?>
<Entities
 majorVersion="9"
 minorVersion="4"
 universal="password">
    <Organizations>
        <Organization
         aspect.isEditableExtensionObject="false"
         aspect.isExtension="true"
         description=""
         documentationContent=""
         homeMashup="PTC.ProductionDashboard.MainFrame_MU"
         loginButtonStyle=""
         loginPrompt=""
         loginResetPassword="false"
         loginStyle=""
         mobileMashup=""
         name="PTCDTS.Base.Permissions.Default_OR"
         projectName="PTCDTS.Base.Permissions"
         resetMailContent="&lt;p&gt;[[resetemail.requestmade]]&lt;/p&gt;&lt;p&gt;[[resetemail.instructions]]&lt;/p&gt;&lt;p&gt;[[resetemail.helpneeded]]&lt;/p&gt;"
         resetMailServer=""
         resetMailSubject="[[resetemail.subject]]"
         tags="">
            <avatar></avatar>
            <DesignTimePermissions>
                <Create></Create>
                <Read></Read>
                <Update></Update>
                <Delete></Delete>
                <Metadata></Metadata>
            </DesignTimePermissions>
            <RunTimePermissions></RunTimePermissions>
            <VisibilityPermissions>
                <Visibility></Visibility>
            </VisibilityPermissions>
            <ConfigurationTableDefinitions></ConfigurationTableDefinitions>
            <ConfigurationTables></ConfigurationTables>
            <loginImage></loginImage>
            <Connections>
                <Connection
                 from=""
                 to="PTCDTS.Base.Permissions.Default_UG"></Connection>
                <Connection
                 from="PTCDTS.Base.Permissions.Default_UG"
                 to="PTCDTS.Base.Permissions.Admin_UG"></Connection>
                <Connection
                 from="PTCDTS.Base.Permissions.Default_UG"
                 to="PTCDTS.Base.Permissions.AssociationPrincipal_UG"></Connection>
                <Connection
                 from="PTCDTS.Base.Permissions.Default_UG"
                 to="PTCDTS.Base.Permissions.Associations_UG"></Connection>
                <Connection
                 from="PTCDTS.Base.Permissions.Default_UG"
                 to="PTCDTS.Base.Permissions.ApplicationAdmin_UG"></Connection>
                <Connection
                 from="PTCDTS.Base.Permissions.Default_UG"
                 to="PTCDTS.Base.Permissions.UtilAdmin_UG"></Connection>
                <Connection
                 from="PTCDTS.Base.Permissions.Default_UG"
                 to="PTCDTS.Base.Permissions.UtilUser_UG"></Connection>
            </Connections>
            <OrganizationalUnits>
                <OrganizationalUnit
                 description=""
                 name="PTCDTS.Base.Permissions.Admin_UG">
                    <Members>
                        <Members>
                            <Member
                             name="PTCDTS.Base.Permissions.Admin_UG"
                             type="Group"></Member>
                        </Members>
                    </Members>
                </OrganizationalUnit>
                <OrganizationalUnit
                 description=""
                 name="PTCDTS.Base.Permissions.ApplicationAdmin_UG">
                    <Members>
                        <Members>
                            <Member
                             name="PTCDTS.Base.Permissions.ApplicationAdmin_UG"
                             type="Group"></Member>
                        </Members>
                    </Members>
                </OrganizationalUnit>
                <OrganizationalUnit
                 description=""
                 name="PTCDTS.Base.Permissions.AssociationPrincipal_UG">
                    <Members>
                        <Members>
                            <Member
                             name="PTCDTS.Base.Permissions.AssociationPrincipal_UG"
                             type="Group"></Member>
                        </Members>
                    </Members>
                </OrganizationalUnit>
                <OrganizationalUnit
                 description=""
                 name="PTCDTS.Base.Permissions.Associations_UG">
                    <Members>
                        <Members></Members>
                    </Members>
                </OrganizationalUnit>
                <OrganizationalUnit
                 description=""
                 name="PTCDTS.Base.Permissions.Default_UG">
                    <Members>
                        <Members>
                            <Member
                             name="PTCDTS.Base.Permissions.Default_UG"
                             type="Group"></Member>
                        </Members>
                    </Members>
                </OrganizationalUnit>
                <OrganizationalUnit
                 description=""
                 name="PTCDTS.Base.Permissions.UtilAdmin_UG">
                    <Members>
                        <Members></Members>
                    </Members>
                </OrganizationalUnit>
                <OrganizationalUnit
                 description=""
                 name="PTCDTS.Base.Permissions.UtilUser_UG">
                    <Members>
                        <Members></Members>
                    </Members>
                </OrganizationalUnit>
            </OrganizationalUnits>
        </Organization>
    </Organizations>
</Entities>
